<library path="lib/libsr_edc_ethercat_drivers">
  <class name="0" type="SRBridge" base_class_type="EthercatDevice">
    <description>
      SRBridge - Bridge EtherCAT between palm (sensors data) EtherCAT and Motor Control EtherCAT
    </description>
  </class>
  <class name="5" type="SR0X" base_class_type="EthercatDevice">
    <description>
      SR0X - dummy driver to skip ethercat slave #1 on dev board
    </description>
  </class>
  <class name="6" type="SR06" base_class_type="EthercatDevice">
    <description>
      SR06 etherCAT driver
    </description>
  </class>
  <class name="16777216" type="SR08" base_class_type="EthercatDevice">
    <description>
      SR08 etherCAT driver (right hand)
    </description>
  </class>
  <class name="16777217" type="SR08" base_class_type="EthercatDevice">
    <description>
      SR08 etherCAT driver (left hand)
    </description>
  </class>
  <class name="9" type="SR09" base_class_type="EthercatDevice">
    <description>
      SR09 etherCAT driver (IMU)
    </description>
  </class>
  <class name="16777218" type="SrEdcMuscle" base_class_type="EthercatDevice">
    <description>
      SrEdcMuscle etherCAT driver (right hand)
    </description>
  </class>
  <class name="16777219" type="SrEdcMuscle" base_class_type="EthercatDevice">
    <description>
      SrEdcMuscle etherCAT driver (left hand)
    </description>
  </class>
</library>
