0.1252830266712474,0.31447630927274045,1.482439703863906,0.24592839211039513,-0.06317130643271845,0.2894992497661776,1.3547145340268525,0.6826449744189272,1,1,1,1,1,1,1,1
-0.1186023180007697,0.0973351424565576,1.018778251467899,0.28914745274017895,-0.18240780346181348,0.2540503211981117,0.23535811609718632,0.03307184609041306,1,1,1,1,1,1,1,1
0.30737773614387875,0.2182909300068444,1.0459950454912348,0.34761072435765267,0.2671941413594543,1.5063515408533947,1.1083137438892305,1.112771974051336,1,1,1,1,1,1,1,1
0.20113156701633927,0.24559419993529105,0.7214987884053693,0.1404342669676809,-0.16736663205332222,0.9594088577494709,0.11427937931394291,0.18379976323626251,1,1,1,1,1,1,1,1
0.3232660801637339,1.1275911229230922,0.22948742522912283,1.020928014035136,-0.041807431171785425,0.29810429131976335,0.07174733550646097,0.6975815416646786,1,1,1,1,1,1,1,1
0.2804375055742213,0.5747199237116382,0.5344507808155458,1.1211136023152408,-0.22665092310050317,0.4878966903727476,0.18588141578424255,1.2669539352858223,1,1,1,1,1,1,1,1
0.18846876175086957,1.393140463693321,1.5555380206407377,0.659811524609487,0.17262689898527606,0.44662413923227484,0.24959869058717943,1.5385388753711604,1,1,1,1,1,1,1,1
0.3446294201581852,0.5367828082692857,0.7634676338953914,0.7592711376882328,-0.2881208849615378,0.4259105477584436,1.478208815201798,1.4234320843416115,1,1,1,1,1,1,1,1
0.18770213583807027,0.8316707571965071,1.2791845811535005,0.220870615782321,-0.25493178859730353,0.8606967979936376,0.3192512307129428,1.1160707742782714,1,1,1,1,1,1,1,1
-0.10382744339379948,0.6893863752852949,0.1532614466806853,0.12469444012748739,-0.22516244340472613,0.6355655773018444,0.7666691849907985,0.1534280745013673,1,1,1,1,1,1,1,1
-0.12912001622274058,1.0143068552214591,0.12365572238924143,0.22172070239766842,-0.23866160374823206,1.329034366651384,1.4953299127239403,0.8274163208064924,1,1,1,1,1,1,1,1
0.09754290231914703,0.8070912852312347,0.031517810174829686,0.18521432173757366,-0.340282524174373,0.8206822172731274,0.5740522352981766,0.2888750350636318,1,1,1,1,1,1,1,1
-0.3146624359083164,0.8766112247829881,1.5577789279206375,1.4413531919524603,-0.030526765541520506,0.6845412301085985,1.2697589832440697,1.1203960566053632,1,1,1,1,1,1,1,1
-0.3228114756839147,0.836054550573364,0.5459864700502368,0.5213384845096771,0.010061962485475417,0.20096702077859507,0.38747413097750505,0.8469845281388279,1,1,1,1,1,1,1,1
-0.24983095425659343,0.7261467331309306,0.7643917520749194,1.347031378555854,0.02393861515435214,1.2453028776173505,1.0765335006566934,0.7572751789524527,1,1,1,1,1,1,1,1
-0.3482766249602712,0.04690867189954328,0.7413243669528572,1.4922434432570097,0.21537563177054786,0.7559246476144613,1.4864557482163387,1.4021419160599078,1,1,1,1,1,1,1,1
-0.2914372828566947,1.3935646095007057,0.6456839142730049,0.9365332682242583,-0.02251580975704881,0.9907879941208375,0.5607271539116611,0.6364358956495056,1,1,1,1,1,1,1,1
-0.33217902539900507,0.11072446650317709,0.27470960066276423,0.4236418990565632,0.204008602213835,1.1660432250487354,0.1419617956180653,0.8446860731965714,1,1,1,1,1,1,1,1
0.17626438210374606,0.9777185432498186,0.5135576108430002,0.5249656850514036,-0.027593415198684468,0.5685012576984648,1.1968141618709758,1.173447927302441,1,1,1,1,1,1,1,1
-0.019188123590033745,1.495346400977444,0.04262489722574555,0.2925302787246499,0.2711065161862587,1.5079395548392902,0.46970723046288576,0.5596985924644153,1,1,1,1,1,1,1,1
-0.20373054603734447,0.49915523049144217,0.26749511053845987,1.0695807322096103,0.14571475949867235,0.8626011185937186,1.09026641035816,1.0713277036415156,1,1,1,1,1,1,1,1
0.11173942933993991,1.2326856735521667,0.6807312932568996,0.6260696336039568,0.20002578335189392,0.09316159533662896,0.9157252299183603,1.2730177890866565,1,1,1,1,1,1,1,1
-0.3048841877155935,0.40117132537822814,1.0754736720400604,0.9945592148034319,0.25882982867785187,0.22738831601535578,0.6885065573625427,1.3311712332176413,1,1,1,1,1,1,1,1
-0.16532924718570918,0.8496766414599455,0.5840805021625646,1.254331085383303,-0.1765031598252787,0.4869216563187335,0.28137583001235483,1.374257974544294,1,1,1,1,1,1,1,1
-0.12104974787975933,0.8833284303693177,0.6033956925324495,1.0964815564232904,0.03063841092575259,0.41187468543023925,0.1412472999708056,0.43566407925910405,1,1,1,1,1,1,1,1
-0.10436883048271672,0.8077992144386649,0.21037767106357425,1.1560542471687119,0.20322014362768226,1.189582843135417,0.8680219029119288,0.9125012445370247,1,1,1,1,1,1,1,1
0.27450988892081674,0.26029936384137564,1.3418219492472871,1.4337026120898255,-0.185908215288001,0.29480111448038776,1.1710498315532447,0.6054717843762883,1,1,1,1,1,1,1,1
-0.1515604834864301,0.5321740405757015,0.3355781570763679,1.476757487500493,0.03277004033013431,0.9565769078777699,0.38195409684123177,0.47215013918529314,1,1,1,1,1,1,1,1
0.05715647570500193,0.5347277207866099,0.5922862774676505,0.9938899562492615,0.32807639504698105,1.4881791449346722,0.7044624331771164,0.05739733566771106,1,1,1,1,1,1,1,1
-0.08978339316662248,0.9908335767969344,0.6462830783024015,0.7782696562489324,0.06751825897070474,0.029789939008916192,0.6921907028178585,0.5630620912175729,1,1,1,1,1,1,1,1
0.3219243778295928,1.3242367319868351,0.6239189543273509,1.14017652810902,0.2589521265607916,0.328962944605085,1.4050198826906577,0.04201581014867825,1,1,1,1,1,1,1,1
0.2871530155479738,0.8551790488237787,1.502605614871754,1.1755334034414586,0.3357990578857549,1.5195631431173733,0.050161739214932374,0.8693403572448063,1,1,1,1,1,1,1,1
-0.20334669921088072,1.5411675241661145,1.4105763876327104,0.10938780269586738,0.1521008832580808,0.1693845937563365,0.05877866994123528,0.6908780077120209,1,1,1,1,1,1,1,1
-0.004354482759321876,0.7124356850593302,1.2834826819421283,0.05991665001773934,0.32995639366958185,0.5081287774954149,0.9295200987692078,1.3464526088456048,1,1,1,1,1,1,1,1
-0.27938944382847847,1.3294674158582604,0.5435818953744815,0.7840642574738516,-0.170139083763194,1.318911140781179,0.955830784460923,0.47827374446392,1,1,1,1,1,1,1,1
-0.19416648652136262,0.41752693186365,1.5581712407194974,0.5178167627319661,-0.05039244157680306,1.3838776483389486,1.3897114505196844,1.2883281199667107,1,1,1,1,1,1,1,1
-0.1796177699746752,1.300376119563772,1.4098329551357562,1.356803349878293,0.256874589068283,1.529032226146304,1.388901251415712,1.4482706535487293,1,1,1,1,1,1,1,1
0.2002440631554615,1.5633906652555805,1.3204091823497246,0.7097278050482336,0.054581314959872174,1.2382005536396257,1.27477373353333,0.46996481866670803,1,1,1,1,1,1,1,1
-0.32013586753069473,1.2806452855306196,0.12963103110872912,1.318404076745277,0.2069864554318418,0.3986686341849509,1.3234516184637886,0.4460142659529367,1,1,1,1,1,1,1,1
-0.07597091058933236,0.7029851967258993,0.23478982552115302,0.3418062385535329,-0.17957739954066868,1.4897634491261762,1.4506746908489228,1.3386231523274568,1,1,1,1,1,1,1,1
-0.27346556875564554,0.37226805752880787,1.3482128096962773,0.5436474594746061,-0.08735293822683343,1.2973682270226363,1.207842094254938,0.5474775839699143,1,1,1,1,1,1,1,1
0.27954784392922694,1.496142382870983,0.7357736456821655,0.45069459548811114,-0.042352486374162224,0.8207534909584532,0.22014379853872995,1.5629739050598481,1,1,1,1,1,1,1,1
0.3485922635873423,1.2266237217675482,1.2008652300290372,0.23385428614319967,0.11387755483279804,1.5160159757974703,0.42408549904108367,0.4209962293210977,1,1,1,1,1,1,1,1
0.11298983925040501,0.17059180330502363,1.4101183120474914,0.7260403694370973,-0.0734874608237111,1.0854841208403092,0.3455321216448486,0.006057061740053185,1,1,1,1,1,1,1,1
0.21509236130336984,1.5464781230922278,1.2838713809401432,0.43594971865157967,-0.13124557894424368,0.6282765491937514,0.9661131095463791,0.6900820438002689,1,1,1,1,1,1,1,1
-0.025742257012767833,0.03852368343521546,1.184845472572447,0.9572294980504386,0.2184868033392987,0.8376277639715518,0.7903083948634206,1.0890503677790426,1,1,1,1,1,1,1,1
-0.20190364107910033,0.7619375926528562,0.5034812131922312,1.0428869509904202,0.051061258368872486,1.338683178372901,0.8888168273446999,1.323644356505745,1,1,1,1,1,1,1,1
0.2539803174496721,1.2281710108841903,1.2605855523600922,0.2777811652336664,-0.21920155468071462,0.7115865620441457,1.4582908214680481,0.2553325270197019,1,1,1,1,1,1,1,1
-0.3313926016931112,1.0612280825292102,0.3326186490916486,1.0407716426965408,0.3002103275229139,0.9928768542857944,1.116988657989101,0.29157513138605606,1,1,1,1,1,1,1,1
0.2998075422904787,0.014233665083823016,0.6643992242407204,0.9424288001380503,0.06612437721524833,1.2123974567285023,0.11036249890098022,0.5205056369999413,1,1,1,1,1,1,1,1
-0.017559475727566,1.192083418048852,0.013459555437039153,0.9918458876401651,-0.3111496828886277,0.6386078949882573,0.744835363777749,0.12694456788527264,1,1,1,1,1,1,1,1
0.02414700757784377,0.4850209875514602,1.060720381728819,0.2654886761428976,-0.05392102433708906,0.1464607501698768,0.6654953593555866,1.0051247066022257,1,1,1,1,1,1,1,1
-0.34190667256461604,0.05160969176402754,0.8014986733784984,1.1378522555554236,0.2063153282281489,0.25845501616693867,1.4088484838808042,1.4514907357239726,1,1,1,1,1,1,1,1
-0.34843061256846236,0.09859714781716013,0.9230312938987618,0.041286921583233334,0.20347458763053428,1.4874493052032338,0.7668074411591267,1.3541310997311675,1,1,1,1,1,1,1,1
0.11621135183046499,0.8950954541540698,1.4518568171916881,0.5109363641127309,0.2209495186762026,0.28593294671025254,1.109463223189205,0.33970135770207527,1,1,1,1,1,1,1,1
0.052139694542124415,1.1008206959983657,0.10270165460131231,1.3777714260576548,0.1499584741282129,1.322470265633506,0.6600899429917396,1.1050390459323471,1,1,1,1,1,1,1,1
0.0278143787497222,0.10781421652481818,0.913612945685509,0.91968477309045,-0.13570586950391433,0.5548255541662814,1.3127249945800035,0.5602021594389291,1,1,1,1,1,1,1,1
0.32839000093803383,0.19603620444443262,0.5447615728229035,0.7866857341237374,0.23047014092036544,1.5518220542117762,1.53519009663078,0.8562707845108299,1,1,1,1,1,1,1,1
-0.1291275618599111,0.2385846561454697,0.9281437948302168,1.3438300657783742,-0.1949576950663224,0.6152734435188484,0.05160765410065374,0.621548027236785,1,1,1,1,1,1,1,1
0.07635083042738611,0.1325188381692603,0.49569777851294927,0.7635688644314031,-0.1334342768135786,1.206908348115069,0.40450732560962566,1.0588768473188994,1,1,1,1,1,1,1,1
0.1972067097288892,0.7229626826691875,1.110135855710161,0.34140407030722203,-0.2525250419093581,0.5951237771886557,1.2506755873632542,0.006003564539124873,1,1,1,1,1,1,1,1
0.11445570223771173,0.08750709177686178,0.6469789858753101,0.9608599436192495,0.056421994007033904,1.2743248994556051,0.032076948048145225,0.8780874199357592,1,1,1,1,1,1,1,1
0.21648811214276076,0.45164069489983777,0.06205915028818244,0.648775002197998,0.3488491391323828,1.0478946723942741,1.1993961171783982,1.0663523723724504,1,1,1,1,1,1,1,1
0.25865875220346735,0.3603743580864015,0.239451255470869,1.039408459011869,-0.14688276551527585,0.7711665875079885,0.071744445470981,1.2545674053866238,1,1,1,1,1,1,1,1
0.012254236375671856,0.7685224381735232,0.23880198056367472,0.43753290543751266,-0.022586680856947428,0.7190907835668662,0.8627778727800339,0.8417592415818161,1,1,1,1,1,1,1,1
0.1424247864046747,1.116236814237511,0.6548895968714591,1.4936736032557094,-0.31365988076979645,0.6999420328272603,0.6445714081544108,1.3691646062406089,1,1,1,1,1,1,1,1
-0.06285363452442588,0.5994571673403241,0.4872784849362802,0.8177833089324318,0.32779590060378894,0.26579755650179465,0.029897669368088794,1.2198246296240511,1,1,1,1,1,1,1,1
-0.32791676814740844,0.7905500234302976,0.4655843149590324,0.11865955033355924,0.2183263063319434,0.9146053469736227,0.5446076592306894,1.1817093135276597,1,1,1,1,1,1,1,1
-0.2134968440155175,0.517461744332467,0.8488313053311848,0.5910072868415519,0.12285589140059833,0.0628863220872657,0.0658011846646594,1.123945215744095,1,1,1,1,1,1,1,1
0.26615029096311005,0.41186034997513826,1.4389431030097488,0.5748136810585359,0.24854746288753726,0.2094169579707268,1.0299584632083054,0.6549405957055978,1,1,1,1,1,1,1,1
0.04818918701346442,1.3763423539826167,0.9227829775004334,0.7589721467200209,0.09846664701591079,1.4331067607672057,0.17718261953718611,0.908553490483527,1,1,1,1,1,1,1,1
-0.11036630916774634,0.9425470547109787,0.48373973657476277,0.5621476965790844,0.17886205605321637,0.7815355450199635,0.6677202224166213,0.2498093804795373,1,1,1,1,1,1,1,1
-0.2750573421408756,0.42296222631455654,0.1950133594763201,0.4767393905634101,0.2344718319503195,1.2874076085470527,1.182986438531297,0.3682254135090744,1,1,1,1,1,1,1,1
-0.021774417244428357,0.23438652614182526,1.2941068116268974,0.3267760476671092,-0.04097623493244312,1.4137820707357318,0.5675979512918103,0.7744152898297609,1,1,1,1,1,1,1,1
0.15390747835457685,0.06986597217446436,0.55207442298285,1.3771345351663675,0.24373792473845723,0.776221257801886,0.5682222056270642,0.24331911898251588,1,1,1,1,1,1,1,1
0.04921000206573256,0.01712696970584245,0.3988839581931223,1.5460114917508205,0.3321199886953804,0.928335288363569,0.7921492817940209,1.484272728136943,1,1,1,1,1,1,1,1
0.20583735198889375,0.9956521173710727,0.12753601070714357,0.9364268353750523,0.3167567329869342,1.413918358176862,1.0328314873791218,0.7063872411337175,1,1,1,1,1,1,1,1
-0.34679832451993986,1.5621299012373564,1.4068861478002,1.5504655484327388,0.22218166086165847,0.6704004361207327,1.5248397125488793,1.280411952201886,1,1,1,1,1,1,1,1
-0.1920676187159778,0.5053590675752161,0.42171120846787913,1.3398295715399806,-0.19460121343783623,0.8743369128623509,0.2004031899196838,0.07686087914551705,1,1,1,1,1,1,1,1
0.16152093607644136,0.5929555900845223,1.4373319983397561,0.2528170808734814,0.28240738263479404,0.78348233666156,1.1916889379799573,1.2541566369842854,1,1,1,1,1,1,1,1
0.25256835049420345,0.5721578029898395,1.3259245796608736,0.31724172265483647,-0.03359466753053253,0.2034975887905027,1.5639253156311725,0.5282870457486296,1,1,1,1,1,1,1,1
-0.32998941602789494,0.49448604077554564,0.23272774827229478,1.5624579051999843,0.1409384702282857,0.07973105786435691,0.16837805838413894,1.3953461058074241,1,1,1,1,1,1,1,1
-0.2244491689592285,1.4026695757678216,1.199904813953189,1.1706755807410616,-0.07071527707769737,1.4968654324261477,0.7956803818024144,0.8265640797357178,1,1,1,1,1,1,1,1
0.0620093301214224,0.8996656688133166,0.4785629893795699,1.3797309412844503,0.18156638300744377,0.2875712208719274,0.1093154154826419,1.1450796904433316,1,1,1,1,1,1,1,1
-0.0666274132360648,0.5436061483538663,0.4564774356702061,0.6304817909187668,0.23680149647685977,0.5571002103191282,1.0020934684937373,0.7668183901413776,1,1,1,1,1,1,1,1
-0.30427651307222797,0.7096041395551939,0.09589212422149544,0.534532091678803,0.15503081362142968,1.539464041972541,1.302736573855598,0.45019205055174916,1,1,1,1,1,1,1,1
-0.2818422151728379,0.23981341008876436,0.7624062280373923,0.47456628457441147,0.12064278018165303,1.2806572161696503,1.189406527353951,0.6137653908075226,1,1,1,1,1,1,1,1
0.027108377446411647,1.2889380283367873,0.2229839169393847,0.9540257839801781,-0.31811063824722013,0.7692688997582511,0.38168827523880217,0.3048040765593292,1,1,1,1,1,1,1,1
-0.01834785305775738,0.19254207039926086,1.0685668083585071,0.1762660952046354,0.22050528905890854,0.01764667066429889,0.514484115378173,1.5027278856655515,1,1,1,1,1,1,1,1
-0.23385003466246632,1.286259444640768,0.903776168190455,0.3110203533223119,0.19391235736791712,0.9389302182809217,1.1375776667622224,0.4727113448850817,1,1,1,1,1,1,1,1
0.1866971404650405,1.448826388690096,0.64160319673344,0.7663250540355493,0.10345201086784955,1.3976182389798029,1.3972871368357385,0.4226895470929308,1,1,1,1,1,1,1,1
-0.2535125006107092,0.7279338575049575,1.521397981321111,0.5408292769288386,-0.0019368753806365824,1.529472651726404,0.8822967378753046,1.415329761815716,1,1,1,1,1,1,1,1
0.17212555096164495,1.3088663934570968,0.4128172155098284,0.02399081927455632,-0.21259065848544398,1.3002720537973782,1.1917927692616048,1.4526624735165132,1,1,1,1,1,1,1,1
-0.011786197789526554,0.2742308844204351,0.21059730726978673,0.8661164971811909,0.33945949915657314,0.2151067623066963,0.3768366115726769,0.27901846176694883,1,1,1,1,1,1,1,1
-0.04682240170608226,1.5372762124869233,0.15575632918465704,1.2266369289658996,0.2809755046731591,1.2802448141420906,1.1411530216103083,0.48584313526460415,1,1,1,1,1,1,1,1
-0.17742458705556075,0.8137459098487831,1.4953901760301183,1.0483112388972111,-0.33891530800422326,0.2521672134418569,0.10550646363311955,0.7355243540458125,1,1,1,1,1,1,1,1
-0.34502479445638623,0.06729775847857832,1.1972939981111343,1.2305884905346287,0.33086986282213127,1.5424537043523352,1.5127003437136066,0.35171476042883704,1,1,1,1,1,1,1,1
0.034237459876402476,0.9980807509331722,1.3584246899306527,1.3042767938589184,-0.09363653174369063,1.3476867223670437,0.21128363874752792,0.8935882507769785,1,1,1,1,1,1,1,1
-0.14784916912901017,0.6205286408844065,0.25287643146715594,0.2058319669230005,0.09218035911321748,1.2730238379144538,0.7503170966941093,1.4715713133601631,1,1,1,1,1,1,1,1
-0.24821296745798854,0.054008361143074765,1.3025171573847516,0.8964960217617016,0.2746613862558236,0.5648807924378368,0.8481831374817931,1.449164475918641,1,1,1,1,1,1,1,1
0.013788284289010355,0.9398977413139984,0.031392419721884286,1.1400276630574158,-0.2514411486497412,0.5797603805525487,0.40058867667936765,0.8705932279980435,1,1,1,1,1,1,1,1
0.322082624813847,1.3778904863579864,0.7283668926417315,0.9410996317298214,0.07682546746205521,1.1839904004073725,0.7072749089465804,0.5722351686792705,1,1,1,1,1,1,1,1
-0.2177153209965874,0.8095745774098009,1.1143394129622424,1.1588873760562135,0.0791497906280943,0.15620139131538863,0.45273340500714593,0.8571659567560742,1,1,1,1,1,1,1,1
0.0535699245963146,0.6779105186807503,1.2021064022388117,0.7992330853194022,-0.18235485175117674,0.5666257302341003,1.2080796472741226,1.2431269364044617,1,1,1,1,1,1,1,1
0.2893861281688531,0.3467427252471462,1.521614610754837,0.18247398757990385,-0.06304461108953474,1.1758182767768852,0.8732839141895451,1.3506193833901725,1,1,1,1,1,1,1,1
0.17133527660768044,1.0859735184514074,0.22183831812346202,1.1206991839003486,-0.21844779747785922,1.2495993806739916,1.1674899777255205,1.2055621438486455,1,1,1,1,1,1,1,1
-0.14232408738463043,0.3734733256529445,1.5519638364485981,0.969058276123357,-0.24501656283583967,1.5079878081223117,0.9597549981541278,1.1811269420075952,1,1,1,1,1,1,1,1
-0.1820685178324567,1.0514377247381816,1.0104037300527455,0.9513340603611468,-0.027478496129897445,0.13684945945882518,1.3039447712944796,1.236876248184695,1,1,1,1,1,1,1,1
0.07961768504888378,1.378089797660084,1.2175457199235409,0.2145803744681301,0.044243359130320126,1.276600849148916,0.05383307371743497,0.3333276372264949,1,1,1,1,1,1,1,1
-0.20883489733386004,1.2889734657013916,1.1355211975263992,0.8789395298307221,0.31126278529210505,0.2573529158804952,1.111075678388433,0.3943462471177205,1,1,1,1,1,1,1,1
0.1192105681567745,0.4190161174205447,0.3722218781924852,0.9001506313409489,-0.2598742234356965,1.338335170279357,0.01874063168671481,0.4322373276666054,1,1,1,1,1,1,1,1
-0.22379270450554842,1.20065273487615,0.8814672529861703,1.2955470369033815,-0.06521269364379062,1.4734279077428898,1.468521839518837,0.6381781132014822,1,1,1,1,1,1,1,1
0.34177264799985996,0.8937801849440222,0.9424802589777637,1.3395720957418946,0.005404636411329655,1.3717048962003806,0.16477796363756192,0.46522135653512353,1,1,1,1,1,1,1,1
0.10000302691047264,1.0289384891468563,0.1270170797769019,0.9330872906186717,0.0929298244478623,0.24004336070122548,0.17823361695928464,0.8391649058062809,1,1,1,1,1,1,1,1
-0.2709142605904754,0.4683314710990654,0.7424272332186014,0.06697038547438947,-0.018293653448615166,1.2301123639511995,0.1902844851261901,1.2140831532623348,1,1,1,1,1,1,1,1
-0.0456972496026804,0.07300309694014114,0.4267793961328067,0.5077596721179927,0.22716358244647494,1.169354414573249,0.7515506874350091,0.31241693863337483,1,1,1,1,1,1,1,1
0.2947084583566202,0.004190945909084335,0.22211142600837652,0.3593697151043227,-0.0087932080659327,1.2418754713559466,0.5252560543915543,1.0379419753613244,1,1,1,1,1,1,1,1
-0.2847223249151477,1.2002806921147793,0.5793592928666985,0.2849493772830783,0.12157496594095685,0.738996697707102,0.013884851493212311,0.7861658216488682,1,1,1,1,1,1,1,1
-0.17352699613472058,1.4075211751146806,0.43158468739487904,0.518115952856628,0.30635624382682813,0.5316693129190747,1.4214849591921759,0.5752575915044832,1,1,1,1,1,1,1,1
0.05051824837088448,1.2141834111555603,0.16188681850115036,1.3430438021436417,0.09819868854760527,1.0075934511105344,1.0457037277714722,0.8110838936639537,1,1,1,1,1,1,1,1
-0.1111698532630627,0.9048259149374984,1.350865330086231,1.3545867515777203,0.3169352432678625,0.5737236282903976,0.6407591043954239,0.7551079946993331,1,1,1,1,1,1,1,1
-0.06120284332675191,1.2224197123527512,1.2437666885787237,0.31840307085679026,-0.27800990641519996,0.1724631108442034,0.5693699976989598,0.07618399676489444,1,1,1,1,1,1,1,1
0.031219385365642227,0.5700931242927822,1.4134510439911923,0.23674889624174242,-0.33640864352466165,1.2173866052318718,0.33888551812515394,1.4820635304602319,1,1,1,1,1,1,1,1
-0.13211026058558903,1.1869998695522201,0.1960694879517139,1.4499167174122016,-0.21496016626656472,0.44806066770465014,1.127313192240586,0.7012388797739054,1,1,1,1,1,1,1,1
-0.09859235104762037,0.24800801782951293,0.6767095563727857,0.993930348090742,0.14305289554351508,0.8063575116740737,1.0095576833199083,1.2849937839200851,1,1,1,1,1,1,1,1
0.3244461297308745,0.5778430315680682,1.117198843676387,0.3157838072601914,0.3389841514066926,1.2574025691586805,0.47030683036419485,0.48507477712547237,1,1,1,1,1,1,1,1
-0.08255487982736731,1.077129892673731,0.10652807114733227,0.23087090787260617,-0.02161262447306439,0.9527415515368763,0.7053297889365309,0.7602916515235016,1,1,1,1,1,1,1,1
-0.2654608160099492,1.0658000411987318,0.25649831334179996,1.4614594214629448,0.006531167760775003,1.442306409860654,1.3433803951494734,1.475985538354199,1,1,1,1,1,1,1,1
0.015265369625178382,0.7881993811457966,1.1570523632467626,0.5070424957995343,-0.3094806794990097,1.3041212591670295,1.387740355529431,1.0666264160633974,1,1,1,1,1,1,1,1
0.3027106491738879,1.0261830586390615,0.9478107902776144,1.3898438492493355,0.29000195563092057,0.0738252001698127,1.458944220828266,1.183088999686896,1,1,1,1,1,1,1,1
-0.0721722834300561,1.0889504133424317,1.0723845486406693,1.4088802427452023,0.30728195627759347,0.6562843052102844,1.5114822090306068,0.6848293178918329,1,1,1,1,1,1,1,1
-0.2106768111755758,1.385175017400794,1.0595301513774773,0.05026224721054461,-0.24309308148437364,0.45275955062092077,0.8859758586832117,1.2267625666442687,1,1,1,1,1,1,1,1
-0.09232288990064019,0.9817953856996282,0.44222802329159694,0.7671408500814798,-0.07587133242190952,1.0641760461051777,0.26951189631847017,0.2387905520673866,1,1,1,1,1,1,1,1
0.2753936290774047,0.13317689092365623,1.5477432942388352,0.13260411863990668,0.12437967608551198,0.5530904436345518,0.5071664168190249,0.35987482197633053,1,1,1,1,1,1,1,1
-0.04981062435911765,0.6800560357209743,1.3188924827796034,1.3173655348696085,-0.02603910055044234,1.357045302451354,1.4718947645976257,1.012525015147111,1,1,1,1,1,1,1,1
-0.17544955077498783,1.4462208804248518,1.1205188143986373,1.3841916172144575,-0.26145213382943794,0.029606164890302485,1.0270809422124352,1.067487661403702,1,1,1,1,1,1,1,1
-0.23418463836650805,1.4662273547576457,1.296283351937289,1.067690569454884,0.033168971515085355,0.8072490217850425,1.544920290298455,1.2767019054606739,1,1,1,1,1,1,1,1
-0.19220673883184203,1.347570625242555,0.9363770597890547,0.2632493463848201,0.3251138826697587,0.6829206085618929,0.7809436584882513,1.171537440427997,1,1,1,1,1,1,1,1
-0.03219052049984683,1.2553779008191166,0.7488948855869442,1.543251609137228,-0.25671497966720497,0.1414902090716364,1.4962474108699766,0.07566665728159368,1,1,1,1,1,1,1,1
0.05547481582578456,0.7212324034387655,0.15214565474531755,0.5454712778066665,0.051954195244080015,0.7551734494539014,0.9233925719496147,1.4197091689628858,1,1,1,1,1,1,1,1
0.062350742203574394,0.27656940665330904,1.4823757791108436,0.4269324297105774,0.16160578014734717,0.10732634660708255,0.2039189036832961,1.2437103787792583,1,1,1,1,1,1,1,1
0.23981634697658583,0.20340403414885244,1.3122477476614005,1.3465715520995247,0.3028670516824751,1.0624347983028861,0.8839253833138437,1.357130042201394,1,1,1,1,1,1,1,1
0.005712768855797856,0.4363440986692313,0.826263233459642,0.2304236794944439,0.17912345065434432,1.4574384804466922,0.413719943479773,0.7256457204145182,1,1,1,1,1,1,1,1
-0.06561970797540839,0.2936432620077716,0.5105688206393002,1.2661956849910185,0.18590201149133023,0.14360802619009508,1.2113590407463266,0.6107528282111546,1,1,1,1,1,1,1,1
-0.32340852813380294,1.0389101793307742,1.0431086279189266,0.5808449329580406,0.23863089017459072,0.1837551962298429,0.35428375504118836,0.34658781878816497,1,1,1,1,1,1,1,1
-0.01986031873992805,1.2567973211461343,1.3679106191008565,0.15031503106916796,-0.3214866768599225,0.39467926771865053,0.8558846886067176,0.3001517654892123,1,1,1,1,1,1,1,1
-0.21273569046331364,0.4996511397118336,0.7635229563579033,1.3083550813099016,-0.34515079057781417,0.4760618858351957,1.5592218787497907,1.1521305546487297,1,1,1,1,1,1,1,1
0.1720331624710102,0.11815556052395411,0.016592415985890684,0.6187758956952206,-0.2569858188408013,0.06640705089870456,1.1364304473675046,1.0383258716541204,1,1,1,1,1,1,1,1
-0.08384980497307648,0.41236744832750694,0.8075919954688807,0.6165178024644656,-0.13689949182864697,1.2467658372045667,0.30316308517579976,1.3104274103113631,1,1,1,1,1,1,1,1
-0.24368273817433367,0.4104028669524827,0.2978984477525877,1.2711157061717966,-0.24987484342043143,0.6461489709584235,1.1450353374385194,0.37994055118849074,1,1,1,1,1,1,1,1
0.09649156527168756,0.25165093790271764,1.1586716320877608,1.3824603833400813,-0.3084772234146606,0.5677585421822968,0.989858389696469,1.5141650974216958,1,1,1,1,1,1,1,1
-0.3070568769057288,0.3946337657023312,1.219025676137213,0.21393015717076674,-0.12194034658254685,1.4218105429241883,0.6493511242754927,1.0831887503077169,1,1,1,1,1,1,1,1
0.10608393438865049,0.09339470770127432,1.0375735678505003,0.9224993882102519,-0.22291721799053005,0.8884454949001506,0.14342147685775816,0.9158991108452378,1,1,1,1,1,1,1,1
-0.1306004388976656,0.8547892213788026,0.9807330139565664,0.10539417409773932,-0.14800728202884678,1.1828298662280121,0.42293659636061354,1.4647321437847267,1,1,1,1,1,1,1,1
-0.06390974696922541,0.2649473406763931,1.0459833031537809,1.0581278149753461,0.34682771954745384,0.5467060581169975,1.501013917222066,1.4503328908691913,1,1,1,1,1,1,1,1
-0.1481340239665375,0.9934200665662585,0.7292610437339831,0.26796823555045124,-0.09686094337214785,1.0432748875213447,1.5655917078726151,0.3456032982688177,1,1,1,1,1,1,1,1
-0.3210458477243379,0.42196458730073055,0.5006744933066848,0.25317257896617595,0.02335780724312192,1.22485252882595,0.8835642976098028,0.793556274881366,1,1,1,1,1,1,1,1
0.21795749284585064,0.5974034219213575,1.2629811876767238,0.3155854840518144,-0.28722780588942454,0.06267468628649336,0.6559367492654403,0.7151896755916971,1,1,1,1,1,1,1,1
0.09741166696810805,1.511964584587915,0.858122189065186,1.4314511533122616,-0.2545140511444053,1.2398984321435402,0.1055865733030847,0.27314976118023904,1,1,1,1,1,1,1,1
-0.29878051738809747,1.409038274487397,1.215599486119182,1.283300670819109,0.059534043078656784,0.1432573289740633,0.19610080012290118,0.9201661332195518,1,1,1,1,1,1,1,1
-0.33102743300915355,1.006949097687803,0.9875061889341676,0.6740599528694443,0.22671576204614807,1.187800551726283,1.2478377103734883,0.30861458155713295,1,1,1,1,1,1,1,1
-0.011304949115917784,0.20853915928602904,1.230019805223573,0.13382267488566169,-0.3359359592016428,0.09530085637006847,1.2230557797270967,0.39601637553450775,1,1,1,1,1,1,1,1
0.1904703928393232,0.40367872022953843,0.646195918362538,0.9870013706976299,0.05996929892757086,0.15417593664417706,0.7720875906381217,1.1747140102890095,1,1,1,1,1,1,1,1
0.12503375627273577,0.9921615155388159,0.22419381139008907,0.8936904522134319,-0.0018435027777942703,0.600273835322129,1.2931819066605346,1.2748558262297154,1,1,1,1,1,1,1,1
0.27700331332235784,1.4156796924674404,1.2707161299823142,1.0357409471091192,0.07304655550405925,0.6542481069750024,0.11210101992403508,0.5503640750344032,1,1,1,1,1,1,1,1
0.2558061113432001,0.41483349762227395,0.20654902974189623,1.2909929315019262,-0.10629209702879697,1.5069380267676302,0.3841844730766456,0.44310947918008897,1,1,1,1,1,1,1,1
-0.34874193713898904,0.3865180129651999,0.6459997683679858,0.7873930779457228,0.16977333196432398,1.0678549377299307,0.4920493522378706,0.14496523396990704,1,1,1,1,1,1,1,1
-0.30107005928195385,0.10279122759603736,0.9083657277801276,1.1273591599030448,0.2800423417070568,0.9961132309149686,1.0685825267433955,0.8863430081349594,1,1,1,1,1,1,1,1
0.13366276356554946,0.2064121950646217,0.6840851880627584,1.504009219727198,-0.20343391724220378,1.0113616260751586,1.2487177052918321,0.5288898371136349,1,1,1,1,1,1,1,1
-0.022694441817179223,0.7579600264569617,0.7365931849601088,0.3531324957226279,-0.001493790431787767,1.517118603256925,0.8428225283769606,0.48161655776958046,1,1,1,1,1,1,1,1
-0.10178990776103092,1.1624413919934038,1.4012629498790743,1.0161376950646601,0.21143056794110882,0.8951007403386766,0.7452334787980733,1.231201173471814,1,1,1,1,1,1,1,1
0.005596234069742412,1.0147019522640677,1.1136747215473393,0.26869865884481453,0.06573707485366753,1.215101495108432,0.41936802121273314,1.1335882935397343,1,1,1,1,1,1,1,1
0.22106692449162413,0.8830948357073807,1.4583728758932406,0.5160834258178764,0.22378539731282,0.02281241563908839,1.1275381582320498,0.42070744733923915,1,1,1,1,1,1,1,1
-0.3125151233716615,1.0569078235806375,1.2563124916022896,0.9210635173894821,-0.17457944731623165,1.196501919756184,1.4653877729042732,0.05678843781065797,1,1,1,1,1,1,1,1
-0.32207399477574095,0.6717318832845482,0.799907824104563,1.3481550591603413,-0.16994768625288242,0.8963705164202711,0.9146237892182421,0.442159923284824,1,1,1,1,1,1,1,1
-0.13214344157894103,0.558152389744978,0.2864949026798236,0.3751786411134344,-0.2349707227547288,1.5305765374954847,0.5759248162054722,1.5304016436104662,1,1,1,1,1,1,1,1
-0.27354013968554014,1.4621067625326718,1.068841842561165,0.7100066636157792,0.34363557371496656,0.11518941818384909,0.21962723769724782,0.18190022685528454,1,1,1,1,1,1,1,1
-0.0015802976039832606,1.0005440425628858,0.9594574460706052,0.8019974109248291,-0.23709518287405185,1.2196846943665927,1.549907475619248,1.1598437672885302,1,1,1,1,1,1,1,1
-0.23471418466205984,0.037780404449146196,1.2884484817785717,0.4711011014817607,0.15087917314248733,0.5378041388105548,1.4027148239773017,1.2363177198775,1,1,1,1,1,1,1,1
0.11237350750204883,1.2428448868318278,0.02165540559275019,0.193052106981342,0.2998037150641809,0.85901458236308,1.5496655143329114,0.46536314593896977,1,1,1,1,1,1,1,1
-0.09285459783397909,0.985206133709723,0.18392704945220642,0.946707417826363,0.14406144961296463,0.9324943119942435,0.32118126288084137,0.8642312098449291,1,1,1,1,1,1,1,1
0.2360948955218286,1.486212789783601,0.4621630242057632,1.2305076095939695,-0.3198303934926957,1.0748876735368202,1.5017638269868283,0.6266381720679087,1,1,1,1,1,1,1,1
0.2825908058309652,0.6877383699270951,1.057596218303812,0.8186231956814439,-0.04465985748873663,0.6025809425612861,0.21338737777176858,0.8206974404400934,1,1,1,1,1,1,1,1
0.30970544773498365,0.01517376231163938,0.837012251787355,1.260612018901413,0.1696621349444417,0.27946282568395514,0.638786515026713,1.3093083389550495,1,1,1,1,1,1,1,1
0.05991482964758932,0.2078741810624548,0.8859910979175926,0.7945403610438979,0.030202664326254514,0.5962832121211155,0.6918010148089503,1.0041255527522674,1,1,1,1,1,1,1,1
-0.13661620353026863,0.45935929250940744,0.07108420222840728,0.5861471622980726,0.11149902444950482,1.5683560776079772,1.2355759401696478,0.021642509132349396,1,1,1,1,1,1,1,1
-0.25800362893371215,0.5956038712793081,1.4129308510940364,1.1645955914127535,0.32526288492592337,0.963755524047651,0.044373577481871644,1.4112129008477083,1,1,1,1,1,1,1,1
-0.2801750931002151,0.6886560503490118,1.3107686638457143,0.999606898132893,-0.21050634157075734,0.46534695446389535,0.07771053893664381,0.41941105876144735,1,1,1,1,1,1,1,1
0.32527631922346634,0.0848710749571329,1.3296741813885884,0.4019310350053692,-0.21365391296619463,1.2266204949885338,0.1636073261414869,0.6283647818530687,1,1,1,1,1,1,1,1
0.11954576712207499,0.21638343123179593,1.1419651448027748,1.1264083717856292,-0.18433329536124438,0.07153439727514894,0.3438113476469767,0.7059866453135889,1,1,1,1,1,1,1,1
0.021084642803897158,0.8724303486954643,0.867601411595426,0.14212200292403132,-0.20943650545091982,0.5617464689360245,0.1695122368655296,0.10830100156204522,1,1,1,1,1,1,1,1
-0.28050937640022655,0.7109920862692131,1.3406753054842298,1.251067495221892,0.11258301115845198,0.12423685301643193,0.3737057238997205,0.37414054771187777,1,1,1,1,1,1,1,1
-0.030336814963051906,1.5689978283251198,0.5719311298626392,1.2067999364022126,-0.34140398104626474,0.8126032350302284,1.008960574444787,1.295535174240183,1,1,1,1,1,1,1,1
-0.21859962384722978,0.11359253331909354,1.1748911240305218,1.168341925254374,-0.13151446655397023,0.05980533238838213,1.2166850874589117,0.968951276437056,1,1,1,1,1,1,1,1
-0.06295507304753023,0.3612482095961621,0.8721953074598159,0.3815914881046929,-0.0398662315182311,0.882748379788722,0.7170487500162805,0.08567239095163796,1,1,1,1,1,1,1,1
-0.2537358294316597,0.10170825673134062,0.1962061035637887,1.18311013246766,0.2924302849299225,0.9341471296428618,0.6051527860028746,1.0392679558972937,1,1,1,1,1,1,1,1
0.10842493377353335,0.44958253486320543,1.2405513777103339,1.4740094435003448,0.12524817109644065,0.6303902465288017,1.2581272420376939,1.372333068252211,1,1,1,1,1,1,1,1
-0.20807819367314948,0.6245665042204245,0.9096011389712882,0.12213570682587788,-0.34099138451967465,0.33536921260491803,1.2405530143420815,1.3759436972611843,1,1,1,1,1,1,1,1
0.1358569870664298,1.347065951513792,0.10268143352510975,0.8917734398159309,0.01633688173069725,1.0582728213911647,1.3943404082816182,0.13076817379564698,1,1,1,1,1,1,1,1
-0.2814021444790708,0.2531907015106577,0.7035852967921937,0.10131017735215898,-0.31842230476873695,0.018388726579716175,0.7120984763749905,0.777044958628303,1,1,1,1,1,1,1,1
-0.11703043532639548,0.03187462536981668,0.14373934972305955,0.15085192626253574,0.3195526726487308,1.3393335263759494,0.45829628228875874,0.7707261021660701,1,1,1,1,1,1,1,1
0.07893271445296324,0.4415950489913972,0.44552031044780266,0.05587878264546634,-0.18628495969427755,0.4694881225480253,1.318054063041322,1.384008027828117,1,1,1,1,1,1,1,1
-0.04435555999307744,0.4004153296951462,0.6477528354046235,0.009374611680200057,-0.0280682089070885,0.7474854009242972,0.29615058450398524,0.06977178941921389,1,1,1,1,1,1,1,1
-0.25216172763094513,0.913848091599114,0.492672565912227,0.3972888030226647,-0.16341110398546138,0.6036811034507149,0.7120112119425052,0.3353022934509906,1,1,1,1,1,1,1,1
0.08554303116374751,0.9283614613054075,0.4585540697498413,1.364850766522455,0.15290681956792074,0.3022249012164318,0.2304391337871106,0.6568921110370857,1,1,1,1,1,1,1,1
0.23478078003271197,1.08342948483554,0.3645856824738133,0.9623008730532078,0.20304950691116108,1.0209197434143904,1.0717076141757829,0.31138953161196803,1,1,1,1,1,1,1,1
0.15626756512189344,0.40671112368933415,0.7747099448378165,1.3577877357698247,0.15173364195252614,0.690011183649933,0.6663773969485978,1.353762694083853,1,1,1,1,1,1,1,1
0.09326174946056182,0.9127193058042885,1.283862678092784,1.3129716790490185,-0.3277453978986714,0.3329056960551346,0.025672770337648945,0.9365549617648001,1,1,1,1,1,1,1,1
-0.1699828962366831,0.058668030427572494,0.27457498491329785,0.6347826352423617,0.17944889471626102,0.1924064712182245,0.12600793780095487,0.6697090867711245,1,1,1,1,1,1,1,1
0.04698817633446384,1.1011683157312586,1.5000102087002254,0.8364710333919827,-0.13021872822360472,0.1943171481467619,0.3800334820246471,0.891919822383378,1,1,1,1,1,1,1,1
0.02384729746194164,0.5801001533445131,0.7069244618896177,0.08927578430583999,-0.06117748926484279,0.7374473728199183,1.1111174226638252,1.5376514613078842,1,1,1,1,1,1,1,1
0.15056715723767533,0.376051230420509,1.3026185648288848,1.368978312492603,0.2583711858342982,0.9750208218094848,1.09242262413272,1.2040431965339737,1,1,1,1,1,1,1,1
-0.13350280366060427,0.050204520559008516,1.0878520217691392,1.1559189731678174,0.048986634707092414,1.5144270187330207,1.4405308442599507,0.7412620972841505,1,1,1,1,1,1,1,1
0.30803783609439694,0.32036809852980896,1.5500748796052382,0.5968785993597391,-0.13401866649028132,1.2704453433340894,0.45679929974324074,0.8243451877385096,1,1,1,1,1,1,1,1
0.10197504455695888,0.8138647552553032,0.43537328714568624,0.9230856462032258,0.22659564317587721,0.2882455032918538,1.2572985203120337,1.1304541683415283,1,1,1,1,1,1,1,1
0.2936469587613115,0.5060868825587704,1.331599573877175,0.26262566480594446,-0.19267011025057065,0.8177529490453889,1.0854800506052409,0.9615923258059186,1,1,1,1,1,1,1,1
0.1736878746028554,0.2704944368791322,1.2633291151011008,0.9570393499463673,-0.10680494510052174,0.09003209295559655,0.2569287416737878,1.544667397291559,1,1,1,1,1,1,1,1
-0.15035427925192435,0.8932216045233461,0.752065048756211,0.06628441507563773,-0.26342533690066955,0.6208802169105356,1.0798313505455148,1.0938422572077924,1,1,1,1,1,1,1,1
0.05497676538792495,1.2121614770812332,0.5095247006530482,1.2962600121039594,0.0441055069460084,0.49243665243239726,0.5252040858116848,0.60693209830367,1,1,1,1,1,1,1,1
0.23991567791901802,0.2663737797652261,1.2063676092748985,1.4708627323799222,0.07873494823193283,0.007295546028631095,1.2390499319374562,0.5933191276718738,1,1,1,1,1,1,1,1
0.20483685112420869,1.107544245798534,0.5852246585251203,1.4449415658521234,0.09846146977939363,1.0404296770607133,0.13804970285547444,0.1525444618715804,1,1,1,1,1,1,1,1
-0.206205319826771,1.4236767705611821,1.5516413995806897,1.5381351882965066,-0.27185555441772763,0.20941118935515898,0.14607878585040926,1.1692254191553475,1,1,1,1,1,1,1,1
0.08567327761568688,1.214354085858468,1.3075798759442048,0.3857074267015596,0.12210273377126707,0.3334298400697431,1.1252961116964262,0.13390081565977588,1,1,1,1,1,1,1,1
0.0945375345179606,0.3030768194196889,0.6937216291542952,0.541461756578562,-0.2928355855527037,1.2570732907911397,1.5361417508214799,1.0702719209921434,1,1,1,1,1,1,1,1
0.24336798793704373,1.1570884715808392,0.37301619991136076,0.5644368527071968,0.032270874677038264,1.411363801828513,1.1203586014568616,0.8937408708854232,1,1,1,1,1,1,1,1
0.1313339388443433,0.842155400794044,1.4071352111540716,0.8332756040772877,0.16210580764217597,1.3882573204185789,0.4870432383586207,1.1218136405958252,1,1,1,1,1,1,1,1
0.031824894418265304,1.3301657414985306,0.9167795130664186,0.9112666116976144,-0.07794376948169068,0.06276945558652838,1.3742351990046417,0.6915067869761975,1,1,1,1,1,1,1,1
-0.332758787193603,0.8792067926108865,0.35539232007504223,0.33441024880455306,-0.20155227683099558,0.6730731772855058,0.8009225742564332,0.09507590824507736,1,1,1,1,1,1,1,1
-0.008415854709545645,0.746991393897836,1.4904076046016717,0.8287433141425891,-0.23674608676085557,0.30849051973673847,0.7560470741917965,1.218052449795838,1,1,1,1,1,1,1,1
-0.2144265908308147,0.5890589700865034,0.07074845459837223,0.6474107618640415,0.18711696840178027,0.41603361721900395,0.9288510877071785,0.6325208161311432,1,1,1,1,1,1,1,1
-0.2953481869235077,0.7698029473848452,1.0288545134671183,1.0269266283926186,-0.10829433453794565,1.3093281967984205,1.2239009093667506,1.4771404865931765,1,1,1,1,1,1,1,1
0.29585792733794425,0.21166399469576794,1.4250208859579296,0.6060070580231501,0.3451499451681964,1.26192197231642,1.473328240237501,0.6923589756993319,1,1,1,1,1,1,1,1
-0.19368128316572358,0.9961370037166009,0.2168952964458085,0.7392529841702812,0.2120002540359569,0.36238576861570854,0.04285129260431337,0.08820533343145895,1,1,1,1,1,1,1,1
-0.07420302490266012,0.23286271720909105,1.2668801846035196,0.0715179008543251,0.13945039392367242,0.8549643209029186,1.3677908115222932,1.1304608587206086,1,1,1,1,1,1,1,1
0.06916063591019805,1.2717661547061554,0.4738203767193798,1.0582980796608206,-0.3453896941882836,0.733116734476413,0.8399771684863342,0.8285872772869307,1,1,1,1,1,1,1,1
0.05957098393604143,0.5709000568422865,0.8832792027121561,1.1696348839923194,-0.07875594221714666,1.4378232045496688,1.3831523781158457,0.8888467616640744,1,1,1,1,1,1,1,1
-0.11398441939560297,0.7424982204435305,0.8956736420813826,1.5622558141049607,-0.0732768518336459,0.06486740847840279,0.13334632693484802,0.9657027836951444,1,1,1,1,1,1,1,1
-0.33455586553400124,0.3036089597639866,1.1452874222269136,0.5537666480799186,-0.16778741703243774,0.7012583861168575,0.5556932192201798,0.9696114799409428,1,1,1,1,1,1,1,1
-0.02297205349051784,0.6517503912713314,1.3168074771863283,0.3431490950960775,-0.08444491784410535,1.3524489463039886,1.1065838990405534,0.1864940262738577,1,1,1,1,1,1,1,1
0.12235287208315665,1.3227275589876153,0.19824777200114477,0.604605175442002,-0.03593867228136055,1.4239324494660008,1.518869405880943,0.6792233350261832,1,1,1,1,1,1,1,1
0.06838109285440785,0.8371667968012,0.5647866253381325,1.2256879534754168,0.005083082224973612,1.5207152257385088,0.7091105439994063,0.8430249540483101,1,1,1,1,1,1,1,1
0.08563442596335713,0.07495915286230324,1.3692036592344097,1.3813197953410443,0.026479766114198944,1.5469147682513515,1.3856177751178103,1.3748650433014236,1,1,1,1,1,1,1,1
0.10645124991498678,0.4190776620703133,1.3497388128293193,1.4865214942660538,-0.10916880656146005,1.5017011679815557,1.4036343362292543,1.3876379419430342,1,1,1,1,1,1,1,1
-0.2555995702057623,0.8739501722355306,1.0320435148083598,0.8845207812929756,-0.05698517470705289,0.5200815728615947,0.31168303177397527,0.6006616337740238,1,1,1,1,1,1,1,1
0.28193073368133503,0.10067268696825872,0.07004262585679887,0.4589270732966581,-0.2602212071111363,0.10909233485983484,1.0456683106775515,1.3941924883345567,1,1,1,1,1,1,1,1
-0.3479819119500896,0.8461346016724125,0.5512001804110183,0.29522285424211975,0.3033077372140762,0.26492417739062674,1.1034677747938995,0.12227522418638638,1,1,1,1,1,1,1,1
-0.18285680732625847,0.014637919389279216,0.5346922664235585,1.5640730282976538,-0.01664538930900683,1.1139605739061653,1.2005923513463663,0.9712942904650792,1,1,1,1,1,1,1,1
-0.3430025976366223,0.8371721312156754,1.5676441982967173,0.3720896937856134,0.17565994557398512,0.6323736551371762,1.1666644439115603,0.3334702157115149,1,1,1,1,1,1,1,1
-0.33725041766957753,0.9233571358261056,0.8539438856772136,1.0060543523797505,-0.13017072402204435,1.5156757607211149,1.4543647196301124,0.895718775478538,1,1,1,1,1,1,1,1
-0.0702319057087159,1.1895748056538489,0.9432705784449894,0.3474499041275854,0.260037084577302,0.2859779739710284,1.1018014029318852,0.8315012640924052,1,1,1,1,1,1,1,1
0.01855906309211447,0.7139727809482902,0.26397880847475963,0.21147818611611297,0.2388068454798261,1.029971320717049,0.8589590084373423,1.0486184604443403,1,1,1,1,1,1,1,1
-0.006737051848974718,0.6818197099645079,1.2762861120139226,0.29060265437002775,0.3130731666322607,1.2578635880751678,0.491816551640402,1.2184253921553285,1,1,1,1,1,1,1,1
-0.1801571059767346,1.1318280596140522,0.7467737067515932,0.0832558649113202,0.2802670882983974,1.0751277788064673,1.0343870830075481,0.03580254395785387,1,1,1,1,1,1,1,1
-0.15333675354477144,0.031037375333632416,0.5618233574400656,0.5751709631594936,-0.18386968667686843,0.634203610420748,0.7321288489616594,1.090726833139328,1,1,1,1,1,1,1,1
-0.027190970785163415,1.5609862926788134,0.528609326940089,1.465060793852544,-0.1178780545017866,1.4816183477958114,0.9523025930829616,1.353799591375793,1,1,1,1,1,1,1,1
-0.10145009070599323,0.9274632788573693,1.0340153626097983,0.1900737213344512,0.25501404528280935,1.093656436141581,1.201490865531304,0.3020133735141186,1,1,1,1,1,1,1,1
-0.26968882465886046,1.066585764663687,0.7738347721499679,0.29770828610055866,-0.31193126970480434,0.04696420243944548,1.2085060384560187,0.3585214505905237,1,1,1,1,1,1,1,1
0.206068479427858,0.8264260166947222,0.21496451770104089,0.5655958946798308,-0.25400242831367986,0.8903843068831633,1.0524331995485632,1.1924631670986117,1,1,1,1,1,1,1,1
0.021846443042821906,1.4978114067557244,1.2490433572409194,0.6340769663664249,0.24571562271992597,0.6881491044717706,0.5002465693712596,0.9138179781598819,1,1,1,1,1,1,1,1
0.007025485626997785,0.29875579756626347,0.9334153342146071,0.4845941050002322,-0.06452552371592446,1.4902686584506963,0.32949664841890963,1.1705463199259836,1,1,1,1,1,1,1,1
-0.1934627735737525,0.47399894352444244,1.0400386208582795,1.0107237811885637,-0.18643768108071943,1.496051641106398,0.9478284011125053,0.5408716464716004,1,1,1,1,1,1,1,1
0.28835271073062285,1.1574443270582009,1.4539834961147422,0.6650597588558618,-0.16979680226052235,1.2846993566847658,0.02031561974076182,0.8418773730374395,1,1,1,1,1,1,1,1
-0.33711578620534993,0.46549415120303395,0.3934284588806499,1.4625956834447313,0.32215177539230666,0.9369876612472884,1.4910294248162184,1.1186351963253258,1,1,1,1,1,1,1,1
-0.17907087382731554,0.6754386620321918,0.03719080057503072,0.1319134240510006,0.3131422306363022,0.6533382682534035,0.30507221331794193,0.5922970689500393,1,1,1,1,1,1,1,1
0.1280031048592602,1.2205136789859945,1.2650578028489592,1.2210154666305104,-0.2517308802224029,0.9273880953118258,0.671929540897346,1.2173524419351105,1,1,1,1,1,1,1,1
0.22240364228810228,0.6508421910314213,0.17881433197084437,0.27687760396248007,0.3082370679649723,0.21063396661635841,1.4895599533714599,0.5108076537070171,1,1,1,1,1,1,1,1
-0.314398793568706,1.429521684827637,0.6705851547941754,1.43367414833985,0.25672428814855675,0.4214611971201128,0.046075379990879885,1.411437749598922,1,1,1,1,1,1,1,1
-0.20377001875757503,1.2878182621066319,1.5124916331063354,1.2715449686766278,-0.3444724878315678,0.561796654866033,0.5889240202884375,1.215616636617747,1,1,1,1,1,1,1,1
-0.241917370657813,1.3498087654314552,0.9275097076694025,1.2852949941931848,0.0063369896224322875,0.38410843727855537,0.8568675036027138,1.3749604104945004,1,1,1,1,1,1,1,1
-0.17763465174710305,0.21128172184388785,1.2796478210357964,1.4379516438185012,-0.24910120972003086,0.8182680398192747,1.378166812531953,1.1031764004508997,1,1,1,1,1,1,1,1
-0.11485941399402982,1.2551435416292456,0.897465777198077,1.4397839209935328,0.1920299405301772,0.4320949653467414,0.6684193558111517,0.8143394417035762,1,1,1,1,1,1,1,1
0.03261983774332805,0.3359954602936491,0.13711777943593118,0.3348583333431707,-0.045113227797206,0.93359976359395,1.0851532359627178,0.00486523085726753,1,1,1,1,1,1,1,1
0.1280441286941605,0.18010611121722195,0.06510334951910116,0.021114236632160024,0.33583721342773665,1.1208262534249014,1.2618767107408142,0.7158120522299285,1,1,1,1,1,1,1,1
-0.023830686022316472,0.57349502064828,0.10206026588416596,0.8849317317309703,-0.06120885837560475,0.14884667434378188,0.5837811736260725,0.7042709830950276,1,1,1,1,1,1,1,1
-0.012201618243585732,0.7828707173089049,1.2704445460923486,0.1276310462039272,0.1060881701435415,0.8891183351813575,0.03932616588005657,0.6878149961709366,1,1,1,1,1,1,1,1
0.18225107918823724,0.3385326177760814,0.05844518895755997,0.014794948045265257,0.16692477264055816,1.153200672291764,0.3282462316105882,0.8307795261521852,1,1,1,1,1,1,1,1
0.20752443971045442,0.6107638367320004,1.1068819283044153,1.2682310122031726,0.10535895103671628,1.3218404355244786,1.1452245980223696,1.112365844895543,1,1,1,1,1,1,1,1
0.04363384020848177,0.8727967884761154,0.3568094124261238,1.1570806022146907,0.29986713408816146,1.3052863829870727,0.5879005218062856,0.11127960845466646,1,1,1,1,1,1,1,1
0.19208581356421994,1.0666859102530362,0.30291078106005187,0.3009141588315642,-0.03604329715468357,1.2962634666620494,0.9913917843665472,1.2520670530935205,1,1,1,1,1,1,1,1
-0.3397016314337876,0.06927461805226266,0.37607481414169125,1.302730295774961,0.22976868406743778,0.4269705609631506,0.7706194687301117,1.1120080485362065,1,1,1,1,1,1,1,1
-0.26612598725990017,0.9441540808607722,0.8149310574966482,0.7474020093272642,-0.23229121208328235,0.5829260184030197,0.49752687821857977,0.6980504005785843,1,1,1,1,1,1,1,1
0.1953774595800345,1.4797676501661723,0.42500210934345795,0.9993846982792811,-0.14538821121434087,0.7286655067317669,1.3438179147661449,1.3319988214851293,1,1,1,1,1,1,1,1
0.28617291522313804,0.5082394562573129,0.3222385373513633,1.531233663302588,-0.18527084176963815,0.5249292679491039,0.08917706890376152,0.22759451422768734,1,1,1,1,1,1,1,1
0.29382676358263593,0.543116908044215,0.45953386991833256,1.4410489336880312,0.0005082107917962486,1.302875789909772,0.1990681374643702,0.15761195383612833,1,1,1,1,1,1,1,1
-0.1460802116164434,0.7886493141600156,0.8289576901885488,1.2871676151647575,-0.26914108913926277,0.5515637952408494,0.27891114375313864,0.0435956919076781,1,1,1,1,1,1,1,1
0.29791534104350537,0.6477252280957329,1.1880777334265606,0.8882356153667811,-0.12145230554218622,1.304553244611743,0.8715677602586018,0.19831169868990597,1,1,1,1,1,1,1,1
0.26902511639617543,1.3875235710364113,0.9518524556939508,0.9046317011961474,0.08613859474981833,0.4306703447711324,1.4166766867716885,1.4389590133111856,1,1,1,1,1,1,1,1
0.07071875459847471,1.4030811051060477,1.4607008665080625,0.09044433777617097,0.17083266748802117,0.4606174959043205,0.2145397647676388,0.6863008526185627,1,1,1,1,1,1,1,1
-0.15057780104052992,0.5653494771161405,0.00940471736222462,0.048075911126595844,0.13548417736252505,1.1910240219842905,0.12412519138884347,1.265424155829565,1,1,1,1,1,1,1,1
-0.16980718167754347,0.6779330153393162,0.6498653111653585,1.1030913335674442,-0.08940291893982844,0.43662337665167433,0.31070712197903716,0.9418058951373246,1,1,1,1,1,1,1,1
0.0075411622526838085,0.6163147749418963,1.5556728128480641,0.4168324705443069,-0.3280204388886314,1.2479830454072876,1.1420648025303912,0.8681919490067619,1,1,1,1,1,1,1,1
0.3306528232345465,0.3667948469247709,0.5956940482971608,0.5822572233975041,0.1359169933165501,1.054473510113177,0.4463045266813396,1.3148084671483549,1,1,1,1,1,1,1,1
-0.09754162828920637,0.33135266720545403,0.29580712996439557,1.272187074997216,-0.2940290090328116,0.5668346705072201,1.488715270286711,0.9396896197370157,1,1,1,1,1,1,1,1
-0.18055113722398167,1.1666876420112695,1.3312639137596258,0.7070412172912525,0.33186712982635513,0.9888593712841018,0.5257476811287353,0.5192964879289687,1,1,1,1,1,1,1,1
-0.13185768519245727,1.303083967678179,0.8486221911021622,1.1085973751595228,-0.2954273979481029,0.17954427612680382,1.0759655462141835,0.7787085636617768,1,1,1,1,1,1,1,1
-0.021505644650616274,1.2135843820678178,1.0336341343440862,1.3011509749288779,0.30774593920219484,0.5526656706612777,0.014685790024849337,0.357770923186776,1,1,1,1,1,1,1,1
-0.20053247975197772,0.9173865206618237,0.9583924334874429,0.596188258051459,-0.05731634198025631,1.435051683308322,1.466463636996772,1.3593047170150896,1,1,1,1,1,1,1,1
-0.05615683046761483,0.8473262411170877,1.4311671749127026,0.36342649135886973,0.020518187186599757,1.0295214070014227,1.1544768463936101,0.6715527783902251,1,1,1,1,1,1,1,1
0.10347466201728661,0.42939569645009373,0.6590227915645328,0.3386499665743149,0.09886863814147678,0.8588659297168679,1.1264822625939863,1.3441577470254376,1,1,1,1,1,1,1,1
0.12823723864683367,1.3279065213082315,0.4443426757010841,0.5101871403383853,-0.1716571125984846,1.0409172294954332,1.309152010668159,1.5500759477479407,1,1,1,1,1,1,1,1
0.0029839949658753695,1.4627520747055642,0.04271150108426156,0.4055827705065345,-0.1218995388008243,1.3753012944889123,0.9996179212028757,0.47282635112126553,1,1,1,1,1,1,1,1
0.018436791374606076,1.058301733386454,0.9145569250909441,0.6258269590522456,0.27824489754983395,0.03845002883462627,0.14475980301572855,0.3948042561220244,1,1,1,1,1,1,1,1
-0.24834015023727957,0.9797283735472605,0.773576653207196,1.016827993739459,0.18483247657681057,1.188788984526023,0.5386159424342121,1.0216394920585326,1,1,1,1,1,1,1,1
0.2165009055607261,0.9026825602183812,1.0739496054698425,1.2956251130506629,0.05235468265523202,0.010430457472614762,0.6566386966492674,0.20799348516842234,1,1,1,1,1,1,1,1
0.13596284919509916,1.317671700217459,1.4235434303626822,0.10084181366427633,0.044946367318005775,0.724459562436198,1.0366847231314198,1.4605247356484026,1,1,1,1,1,1,1,1
-0.3271721908065517,0.308887507053276,1.324939840126732,0.46893686982542154,-0.28569774296807215,0.07996500707114601,0.6690981595008756,1.271314930912781,1,1,1,1,1,1,1,1
-0.037552021465258156,0.49650833402862626,1.5067153216767812,1.2970809938452106,0.11533689541029218,0.8355551206943445,0.4713986585091112,1.0524807521180402,1,1,1,1,1,1,1,1
-0.04782821028060791,0.6063389133340504,0.9040648318673715,0.8536425507338175,0.29689641104499576,0.39773508108730155,1.4724161533287272,0.7849173049869573,1,1,1,1,1,1,1,1
0.08097795203684643,0.8324320340814092,0.24512389432398024,1.4812463137383642,-0.1529523621152007,1.30025008024202,0.4784854794338822,1.2210452240079026,1,1,1,1,1,1,1,1
-0.1719173597903118,0.4139159323805619,0.40499829929467723,0.5882928288288395,-0.2167423979110942,0.5649928347275189,0.4863957397917884,1.312191975396748,1,1,1,1,1,1,1,1
0.34235178032116387,0.9699268144659094,1.5248567539008768,1.5276415236250733,0.05850809043342631,0.6078198751397162,0.6432612410194928,0.5599003478844988,1,1,1,1,1,1,1,1
0.1826983923351384,0.25490594232467817,0.2233017371417546,1.5517099328448436,-0.03791705496705444,0.5415509307372343,1.305371526042951,1.3519010932566675,1,1,1,1,1,1,1,1
-0.18761776683864675,1.2874545990876862,0.20094628084252109,1.2541549704606054,0.12249285789699299,0.2972629373533706,0.001995549660883159,0.9129663270843961,1,1,1,1,1,1,1,1
0.024208032115540623,0.6922830254178199,0.04325257120437958,0.5087969167514839,0.03789074303120793,0.7820706769962895,0.30588279149959513,1.271001717003104,1,1,1,1,1,1,1,1
-0.28216794042751703,0.09895832023731051,0.5291317226828928,0.7367409378683123,0.2878087977156122,1.3584752031401377,1.369260876103346,0.1608401196711048,1,1,1,1,1,1,1,1
0.3453478781336742,1.3006259232971673,0.8686389010925922,1.5282477817391977,0.16284798532674993,1.1548228948441899,1.1262254829857477,0.4499204885961487,1,1,1,1,1,1,1,1
-0.2932374246850491,1.0251334502799065,1.1841301286759462,0.3703728596191608,-0.28733620344985394,0.5112882836648082,0.7347176803889162,1.0644893219682108,1,1,1,1,1,1,1,1
-0.2553988431022335,1.2130847575903252,0.21746653749703942,1.562719548045088,-0.2109938837585466,0.16446438834760793,1.247440515253872,0.001843021823352258,1,1,1,1,1,1,1,1
-0.09841425415748417,0.6911478793879473,1.4899592329051956,1.1142789061236424,0.06353813529527014,1.4327317576673675,1.113190503442028,0.4809241839973722,1,1,1,1,1,1,1,1
0.04659773545591134,0.9210027076027157,0.1877599877104872,1.2068435783446954,0.07242324243521114,1.5605109590495876,0.8168744904159525,1.0063946324408042,1,1,1,1,1,1,1,1
-0.3114246602183834,0.47948948290782323,0.2904923342831189,0.49965680588135825,0.18730853074540166,0.20215146416183233,0.9184065091658584,0.7629871983031378,1,1,1,1,1,1,1,1
-0.23820893310359526,1.0076480554775435,0.5518830058653633,0.2594096282246164,-0.0637651090500031,0.414703268312335,0.26943852128883333,0.5658938374140062,1,1,1,1,1,1,1,1
-0.23966081896045124,0.8354173183430286,1.4571028034960574,0.6781139904275099,0.177305085941602,1.0638558422516384,0.6557787458589639,0.9961224502365976,1,1,1,1,1,1,1,1
-0.13912981396721197,1.474904301327245,1.4998697099283755,0.36600998272470037,-0.06104965856778416,0.039016005913591466,1.2064646057791921,0.5519671383637994,1,1,1,1,1,1,1,1
-0.08058727740907717,0.5712228980790668,0.8956300309963611,0.7372903410277999,-0.02532043349949764,0.7082570102335323,1.188675267895876,0.08946459000561346,1,1,1,1,1,1,1,1
-0.32508787868883127,1.401619298549743,0.12831525843056546,1.2531850754075837,-0.3083417971967434,0.2698712668053281,0.37586868495184106,0.6335137594293304,1,1,1,1,1,1,1,1
0.11105572381217932,0.5059299656602799,1.162827329271404,0.3683460256204706,0.03152617865593177,0.20864087423803557,0.3186104714374908,0.7799426539430826,1,1,1,1,1,1,1,1
0.27778049809572525,0.2154302322430247,0.6043627232918214,0.6661322968991408,0.26483994597207305,0.04670090766459383,1.5176757143130757,0.5929665525697997,1,1,1,1,1,1,1,1
0.1020614725573703,0.7524639158039415,0.16789664478947963,0.48031272094346983,-0.09087318054427157,0.43945098502408303,0.5785002257473163,1.5444221733490675,1,1,1,1,1,1,1,1
-0.10401074758116707,0.9177088242367579,0.28198617550386673,0.774137507436599,-0.2137895709775622,1.5228739453356388,0.11159086452704017,0.15968685818134343,1,1,1,1,1,1,1,1
-0.19038813605744034,0.19951396740088584,0.6769534677574515,1.4225144620060057,0.10669168707211035,1.3825271087233966,0.8163326255486204,0.36855306457518194,1,1,1,1,1,1,1,1
0.08811665968375104,0.7430595191227246,0.47854386157684053,1.0924709102495758,-0.30870076181803935,0.8704763631555528,0.7003378953998817,0.27796525776558634,1,1,1,1,1,1,1,1
0.21621883786316642,1.3969393687511593,0.4707641923658377,0.5564623438313078,0.29617862987211907,0.9818528117338955,1.4689987767410386,1.3054998464942595,1,1,1,1,1,1,1,1
-0.05125035317415294,0.06707513593129294,0.8439028480477866,0.7966952233314295,0.028703536679870356,1.3044608831469169,0.16150135086145564,1.1958849068147728,1,1,1,1,1,1,1,1
0.16337234382583332,0.668760291084337,1.1859632749677325,0.6131397173629946,-0.2811347236773639,0.5402296677525193,1.5265890128584265,0.5850692532207147,1,1,1,1,1,1,1,1
-0.3458718223625087,0.3800913138967053,0.28952060835749654,0.11179966123185549,-0.18482471311228688,0.21104585450419963,0.06321279653090496,1.0858424032691552,1,1,1,1,1,1,1,1
-0.2487621250592214,0.17819164595095996,0.6941211337307341,0.3198316946464786,0.13584145382308538,1.5136446260866865,0.897324619512202,1.4712182360405939,1,1,1,1,1,1,1,1
-0.1501334924749131,0.7218484422527395,1.2793247986455292,1.2925820882787824,-0.1699631995337203,1.1005293182880662,1.3461772583551077,1.3728503264901772,1,1,1,1,1,1,1,1
-0.3368459532084338,0.8964884735098744,0.5794436470138372,0.8613540856955092,-0.16680204096524642,0.5812568987088017,1.1966996769121119,1.2242194262677382,1,1,1,1,1,1,1,1
0.26398980984974385,1.5566095778658036,0.1981011003941598,0.6471414308253015,-0.17968802171645404,1.5438380335636837,0.6304809019433558,1.0372270541057742,1,1,1,1,1,1,1,1
0.1681474344516808,0.011747073637006807,1.3423634977660266,1.0375735720426984,-0.18743423079412408,0.7845567723607333,0.23182591998025606,0.11996871606712155,1,1,1,1,1,1,1,1
-0.0023925615457821015,0.25002262823801213,0.8736372961082949,0.5119519177846871,-0.10936743406773383,0.17824034647553486,1.5692777773395867,0.8323336513806353,1,1,1,1,1,1,1,1
0.21373272648977915,0.8620063154642363,1.1409962659080146,0.8712655933328339,0.1972123432996491,0.5805503641311571,0.2898206708985835,0.15833880750616736,1,1,1,1,1,1,1,1
-0.1354317629677376,1.3133798336992983,0.33872506247797873,1.374246364045033,-0.03419183462734032,0.07519967701310848,0.08703622053517596,0.5074990133400371,1,1,1,1,1,1,1,1
0.15033492206467336,1.282462525684532,1.4019987209120672,1.3850151557578518,-0.015022128242491661,0.6842190096181715,1.5594082692462503,0.6730288533587243,1,1,1,1,1,1,1,1
0.17756617463203905,0.6424043141894857,0.18423202765878172,0.10783246127312512,0.07894142336652188,1.5479562176132764,0.6395091514633052,0.2770638059941989,1,1,1,1,1,1,1,1
-0.12256743584250859,0.7526878109925679,1.3825558692455207,0.7183268364839102,0.09669176965186138,0.8409373738638993,0.9954327768688679,1.5180640069635158,1,1,1,1,1,1,1,1
0.16013315016941476,1.5233341104117337,0.4728209270053188,0.02537593062614475,-0.04769360180041826,1.4583171520192804,0.8059206173325981,0.1978822379598902,1,1,1,1,1,1,1,1
0.04466798002281991,0.13802473036541152,1.138542582797848,0.3996759011566192,0.21888819978716334,0.22204662148695115,0.4728652587074265,1.1623117502395806,1,1,1,1,1,1,1,1
-0.1822754999159118,1.526332218544303,1.4324569082603795,1.2347083357576334,-0.2174238303682115,0.2637041910916063,1.1895221893355548,1.0854555946051057,1,1,1,1,1,1,1,1
-0.1874640404042394,0.1989370850150232,1.5221883110439673,0.8666198514574862,-0.16879378854276442,1.392157229887207,1.5416402982701507,0.7203380054740615,1,1,1,1,1,1,1,1
-0.16546450526344086,1.0354464174380928,1.1622165068628605,1.3600685797667418,-0.29703723385166153,0.795390898280735,0.9296598898334923,0.5001838315702609,1,1,1,1,1,1,1,1
-0.029294176935218075,1.4397673859617894,1.5460712854464496,0.4592575904859918,0.1117790530313646,0.19689629177630136,1.287644180266284,0.889554904819585,1,1,1,1,1,1,1,1
0.00557710304613368,0.46398180299661446,0.6293888670808864,0.6609209889581733,0.03694728454798074,0.4613927154357164,0.6054404116278428,1.3138389536194288,1,1,1,1,1,1,1,1
0.21700068993334864,0.6003683864657946,0.37874086774295246,0.9660882287822059,-0.1267551531967842,0.2601075661984181,0.7488255988180899,0.9467356730763395,1,1,1,1,1,1,1,1
-0.07500635095483282,0.1278737649191099,1.4293238827750228,1.311704067244219,0.285591423737513,1.3877779685943419,0.9691691333073477,0.4255321787319412,1,1,1,1,1,1,1,1
0.33555763150297047,1.5258572053013046,0.6898545570374087,0.9116880492288033,-0.31697430686384737,1.4478984214538784,0.3509951971085356,1.1901701775299016,1,1,1,1,1,1,1,1
-0.1988129321198878,1.439540912982032,0.8466675011374158,0.2174015541627433,0.05808769494078342,0.1488666818901536,1.3213118979755811,0.8895252588486627,1,1,1,1,1,1,1,1
-0.22237045095475114,0.3263474339081832,0.4630977932709085,0.41352859852283513,-0.2931930906804399,0.8069583320836089,0.2524930192808504,1.4428526194910667,1,1,1,1,1,1,1,1
0.014790376260452653,1.168822844607497,0.3683460528332458,1.1313886797539112,0.24881567357576706,0.3918862693078172,1.0036224565943384,0.28323816825278475,1,1,1,1,1,1,1,1
0.145438297808977,0.6214139018583278,1.3116470967590004,0.12417937575816058,-0.0068204122843655846,1.0229042683106064,0.7606605700289876,0.346931691727126,1,1,1,1,1,1,1,1
-0.06505941115783687,1.1005863151397102,0.4922347266741625,1.0261277885951765,-0.01053987187993416,1.12295828786094,0.2670768795003071,1.1633379901083665,1,1,1,1,1,1,1,1
0.2228421731911412,0.7937598873172866,1.4894910048663796,0.4394750418625522,-0.027479748123987457,0.6897261225748591,0.8939587147587686,1.4095921892964844,1,1,1,1,1,1,1,1
0.2613257002133721,1.2355223077153812,0.5099382672435372,0.17236643513590474,-0.03713470027454452,0.12046446700251187,0.34463235998433356,0.2863588581513401,1,1,1,1,1,1,1,1
-0.2824348675153508,0.18128359355634238,0.8271795772591851,0.15880326217295127,-0.1799042378446988,1.3038947731822441,0.4335198011291668,0.47293254932075107,1,1,1,1,1,1,1,1
0.10599257119631678,1.3736171492964995,1.2686989913438533,0.6899573824378656,0.332928390923947,1.079275110964707,0.07812816430313947,0.4720565190133392,1,1,1,1,1,1,1,1
0.2571765031828046,0.33249482141684034,0.9140348912520071,0.7598869743336134,-0.295308422829075,0.6898578749150729,1.4493219952694236,0.2813195775426382,1,1,1,1,1,1,1,1
0.2635529611846681,1.44937573555893,1.5345029024032486,1.4763602997894054,-0.0030897714096113083,1.3672019691131319,1.2503565064412472,0.7350173785038363,1,1,1,1,1,1,1,1
-0.11284617348797846,0.19168260840406268,0.9650565117589363,0.9605450375084158,0.09290448174562449,0.5292492643526386,1.3030797047563654,0.41642226581790204,1,1,1,1,1,1,1,1
-0.08558740728759806,1.3410854602253184,0.06812898521477075,1.207596271651368,0.1050226612725198,0.807794058533946,1.4868486714046358,1.2454178704850392,1,1,1,1,1,1,1,1
-0.25383616745175847,0.8870246014001548,0.4987046462270874,0.9659602821563857,0.3091780580902411,0.8887581126328665,0.32246685135768555,1.2778094488287148,1,1,1,1,1,1,1,1
-0.1138939201934965,0.006618145205419671,1.5545224732611687,0.520735293519038,0.022135569010207023,0.6966469303175878,1.302691663934386,0.484229935171912,1,1,1,1,1,1,1,1
-0.2379804607861135,1.0368272522765842,0.727752323710455,0.8464682079828705,0.2545064282331809,0.850776638977662,0.13040111996903078,0.8154692964601764,1,1,1,1,1,1,1,1
0.271759047004807,0.7208282112756833,1.08708706851408,0.26906420649902285,-0.283732873224456,1.3963968319014175,0.6622723600284999,0.43196103637422484,1,1,1,1,1,1,1,1
0.028073897499612088,0.8285726292709749,1.2063978826514286,0.7360152519060528,-0.010636204409661953,1.453083984274931,0.06540359976121772,0.8699582950584059,1,1,1,1,1,1,1,1
-0.013728983695249553,1.39014849048675,0.4180490485030853,0.037369609768784784,0.17633688049496188,0.25417497867265304,1.0252571185704056,0.8224495934728546,1,1,1,1,1,1,1,1
-0.26109597873731605,0.72434053231146,0.46897728722243637,0.24747633167964453,-0.101386232274704,0.18603426377045001,0.9279164365772996,0.9816506552191753,1,1,1,1,1,1,1,1
0.15624645256723502,0.06164419837576889,0.3312751840804236,1.3714772740332732,0.051739773122214894,0.5195228204667426,0.32632561464511856,1.0121663204251512,1,1,1,1,1,1,1,1
0.13893312701273586,1.075454727995024,1.4418660598524249,0.8843849820900025,-0.2708939306662906,0.9158014077308216,0.5015850466859284,0.7931006601878098,1,1,1,1,1,1,1,1
0.24912549197009737,0.1779592797376536,1.1816478938896404,0.3291740021472918,0.030573758584285682,0.17733003261396152,1.1560002140421086,1.5066295244113377,1,1,1,1,1,1,1,1
-0.20896614089876844,0.07654017660746058,0.9975542939447296,0.6273397521505741,-0.08721057896335438,0.656303145510664,0.23041440495423643,0.40494268699281943,1,1,1,1,1,1,1,1
0.32064381207141257,1.1993269751626683,0.5060538311279188,1.3665758073710086,-0.11013680851264979,1.5249203824936097,0.5012327294567637,1.2528146422975934,1,1,1,1,1,1,1,1
0.2141624449298083,0.06378037041524345,0.04219515218440443,0.4460766362492499,-0.213672150524316,0.9337003581825852,1.1793721427551744,1.1346068261866777,1,1,1,1,1,1,1,1
-0.01364155921750071,0.8390341687676469,1.132606383993472,1.1756670250902213,0.34218026143530145,0.09015777226671128,0.6318450636678503,0.5105713793890884,1,1,1,1,1,1,1,1
0.34098960819231783,0.9684606745957896,0.08509716163496066,0.5375778388321988,0.32453909021234184,0.9672274514085059,1.4266322656501,0.41003214245651004,1,1,1,1,1,1,1,1
-0.28237048395066894,0.016250981445625243,0.12062692590823572,1.5253870547664028,-0.06148052936522186,0.45613417679450774,0.6850255870645648,0.595941167687223,1,1,1,1,1,1,1,1
-0.32705616010668737,0.32720983566667755,0.526955164066213,1.1767332217360251,0.07009389390247445,1.4452825361277317,1.218648822687479,1.5192309838217974,1,1,1,1,1,1,1,1
-0.2655675975720815,0.771297111180419,1.349786187290298,0.6161439242604335,-0.3326298699455465,1.0038773664627236,0.746436945693652,0.5318229745070531,1,1,1,1,1,1,1,1
-0.018519358336245295,1.416755002570466,0.6829884205141912,0.1997982633027611,0.07367442912601307,1.4246886264152145,0.37002866579718496,0.8674998534442523,1,1,1,1,1,1,1,1
0.18699479913622508,0.0630127082245228,1.2405392900724832,1.5601760063085868,-0.001457558675234838,1.3983112620669005,0.6043486727374492,0.21478001966706395,1,1,1,1,1,1,1,1
-0.2127743912342098,0.4317977750889347,0.5629651485429453,0.0999714325996715,-0.24119894400491065,1.1044688241143192,1.3262317182573757,0.8166328643885266,1,1,1,1,1,1,1,1
0.11363942420443107,0.3705231115040829,0.2400643027642185,0.946800620411005,-0.32935117506113754,0.49961429910764216,1.3215436668721157,1.455410998474598,1,1,1,1,1,1,1,1
0.18511401883413203,0.3418203620986855,1.2102494521407399,0.2921174580137694,0.050098200125745784,0.07229911500676738,0.168489473162748,1.3904560757843922,1,1,1,1,1,1,1,1
0.28270456024630575,0.0029821855021379775,1.3873158705511548,0.36073914405237995,0.05296133073342141,0.5047910606797097,0.5283559547325469,0.4957036740696423,1,1,1,1,1,1,1,1
0.30568920773606556,0.28255219964811285,0.6055263019437992,1.3709588146519065,-0.09937773888014764,0.41953456772663006,0.7155949843658851,0.6678069503266785,1,1,1,1,1,1,1,1
0.22143701076863542,0.059704511828672785,0.6957355098549247,0.09547159461923672,0.3104017337598406,1.1671446326410824,0.4101889647934569,1.1040822406254687,1,1,1,1,1,1,1,1
-0.11310068876021254,0.6813478912621028,0.5894311044698658,0.034945909602519296,-0.30384311099327155,0.4675401008248629,0.6394719346349752,1.3590323593392932,1,1,1,1,1,1,1,1
0.15413547369078096,0.3058884090002076,1.0556456392260112,0.6512836015450708,0.31224616442207986,0.20831571743795704,0.40069272036268544,1.5064853684443358,1,1,1,1,1,1,1,1
0.21644528722556755,0.14499614156459226,0.49349245838023004,0.139130850311672,0.009380789514625287,1.0648828456413348,1.523991360926984,0.1008888587405957,1,1,1,1,1,1,1,1
0.013076342350193448,0.43725344754068396,1.5207721515817658,0.47530472660230133,0.012993715636774594,0.776373301893961,0.012112493985597947,0.33342897519588055,1,1,1,1,1,1,1,1
-0.20041536453961664,1.2014328847891287,0.11670090854694569,0.7795624761372226,0.27319450175004845,0.14138426000147683,0.12477450790445686,0.17990666466309246,1,1,1,1,1,1,1,1
-0.1676539706838168,1.5436843188356537,0.6337566158737444,0.5062243757782017,0.34902490090298977,1.1805529334660854,0.6147531039769609,0.31084249942581105,1,1,1,1,1,1,1,1
0.0685012022279175,0.8474023076381972,0.9299969280380281,0.970507735450204,0.18551840632870475,1.1497872567858456,0.006078769970545302,1.4402950978914075,1,1,1,1,1,1,1,1
-0.33290009281175836,0.12557392522956604,1.291437997049908,0.4028893335668824,-0.17694453618616077,1.2497543245191716,1.4010495523607711,0.3403228299438077,1,1,1,1,1,1,1,1
0.20664157388134008,0.9308957845213198,1.287833993023617,0.11630797136833089,0.3131217770676804,1.5278317407270472,0.9657409487257871,0.3020631881253511,1,1,1,1,1,1,1,1
-0.3287936932900969,1.3176420573600849,1.4111297481624716,0.30665598537698235,-0.16073369577874141,0.2641394867363719,0.45495952994937433,0.3811808424828633,1,1,1,1,1,1,1,1
-0.1465063409309812,0.15267868485655378,0.21504731929265614,1.0491962919265103,0.030723270963193383,1.4457184291352465,0.4267838215751602,0.5735667167238865,1,1,1,1,1,1,1,1
-0.17870654371357494,1.5342194867193468,0.01632475938870163,0.49316994949718035,0.16126020256335383,0.8880517081647415,1.0041403431662121,0.302290850028309,1,1,1,1,1,1,1,1
-0.214549154763111,0.3823072950093444,1.3101177406165618,1.0305413179374987,0.1156210889868492,0.8533650386030649,1.175006373440321,1.074966462612857,1,1,1,1,1,1,1,1
-0.21222960113016226,0.1622080438756739,0.8352265803016059,0.327474257010981,0.13914808906065057,0.7194941444813132,0.6296278457245864,0.5815622453961363,1,1,1,1,1,1,1,1
0.22190182712684225,0.23361058035544924,0.22977837127095724,0.350209087385055,-0.33934155126605803,0.36799776824136193,1.4532592246505893,0.6709023459339248,1,1,1,1,1,1,1,1
0.016380821905514376,0.54873125459775,1.2890169079512401,0.685496709777379,-0.2788426601594833,1.3374771646669648,0.4322311714651063,1.5281903462817785,1,1,1,1,1,1,1,1
-0.045771048302820194,1.4681326573502498,0.94318081943533,0.033997886172311434,0.1776683728989482,0.19668741224857,0.8651043568573735,1.3880155259883924,1,1,1,1,1,1,1,1
-0.09832990016413828,1.221691163236998,1.2211975555506327,0.05189890452836416,0.1698503414021364,1.5694065993879331,0.4019237124997028,1.5232520155246052,1,1,1,1,1,1,1,1
0.1994421123386465,0.3950504110471432,0.7734361700386417,1.207384306472258,0.08807553428370257,0.33458770922822784,0.5854900448727162,0.7062582895069496,1,1,1,1,1,1,1,1
0.14928617447784182,0.7763772974414364,0.34387365644313944,0.36048963039755566,-0.10879939066100378,0.8274562280719066,1.0524945675482873,0.8884066099671972,1,1,1,1,1,1,1,1
-0.2752209400038762,0.9110278124083846,0.3025632576320909,1.4823212882304637,-0.3104752657649108,1.4368350936277003,1.2897999313915278,0.918156658768134,1,1,1,1,1,1,1,1
-0.16496698634827678,0.40244060498461404,0.723327791639215,1.2763670118111836,0.0925492976775173,0.19180429007865002,1.527611631924461,0.29179838590101503,1,1,1,1,1,1,1,1
-0.25401409296504646,1.1970048392451378,1.0308340853299374,0.8314528488624682,0.08840647232555932,0.3651303166256342,0.2140499557113316,0.1996676912700948,1,1,1,1,1,1,1,1
0.30106871834653537,0.5353713421613556,1.4378835761807818,0.9053464776040563,-0.0839731957748796,1.2746852965387434,1.103458113529606,0.06267137670897607,1,1,1,1,1,1,1,1
-0.010478635467785935,0.15614236843563298,0.9491439965842047,0.3830981507660756,0.07686581352104221,0.16328942636984944,0.47260232524867424,1.4403212990493874,1,1,1,1,1,1,1,1
-0.028651776959549458,1.3412479050444446,0.8638549582165788,0.12249600572460073,0.27809536407095703,1.0350455551621687,1.3012514759396605,1.1075934868470154,1,1,1,1,1,1,1,1
-0.20824996927881878,1.318627719141878,0.8313635095174764,0.00666383458415821,0.13920699284623045,1.5012208243169163,0.54507248796792,1.4838059091929945,1,1,1,1,1,1,1,1
-0.05759779363874773,1.0038594994763923,1.2279554690450991,0.5612344417463668,-0.28825844652563404,1.435240136748232,0.01050835265614212,1.2010053235860734,1,1,1,1,1,1,1,1
-0.30354841176574765,0.29163853935938633,1.0859226925621248,1.0070399273185995,-0.19326795893536683,0.8717298507620258,1.2023602185193016,0.3421219229737675,1,1,1,1,1,1,1,1
0.3007992291623932,1.0347060322630373,0.7733353874318425,0.2663685312628739,-0.17360499239361127,1.3377640047686261,0.05187271160772356,0.761048355377837,1,1,1,1,1,1,1,1
-0.21976494566745747,1.2598086254602594,1.4972213167590744,1.5611118560728854,0.10656898946702015,0.22199952102028225,0.7902280534506526,0.13171074301391472,1,1,1,1,1,1,1,1
-0.2830991970340785,0.8269897975768009,0.7487799109589471,0.2638007336770421,0.2206450003688022,0.2258055399193797,0.8857842880304856,0.5730570922971577,1,1,1,1,1,1,1,1
-0.18853165220113197,1.1162967412229274,0.32689226765142904,0.3308294312141018,0.3161250958900207,1.0321480957608438,0.4941599847017702,0.3111042572384834,1,1,1,1,1,1,1,1
-0.13627800227844875,0.21724849227206341,0.588417154320016,0.3787694823553525,0.2754548796451626,0.3438984392990401,1.2321034372503192,1.5580958524817503,1,1,1,1,1,1,1,1
-0.2589279366801974,1.169706509867668,0.22017322744915732,0.3552035326044688,0.06299523959613862,0.041423951734963854,1.2872031730652833,1.2388848269976092,1,1,1,1,1,1,1,1
0.05990037989968988,1.3450038611145352,0.8250923157063516,0.3527317113474031,-0.10334103801154779,0.4123614310226013,0.5893346915803366,0.9420669471696,1,1,1,1,1,1,1,1
-0.1808610059828782,1.473381603072318,0.6485176715865153,0.9661271182143678,0.08889444662986107,0.2635778093221706,0.5618964416902288,0.18022396787882067,1,1,1,1,1,1,1,1
0.20798285691320595,1.1940811221752161,0.8069278916044024,0.831106690754857,-0.0011117662681502383,1.396309420828781,0.11490715994656142,0.553265930112907,1,1,1,1,1,1,1,1
0.1554470917583558,1.556634157281101,0.5793627931584457,0.09395155671091887,0.04248227833254692,1.0128247905743684,1.219621505354698,0.7592201464950158,1,1,1,1,1,1,1,1
0.09955820833877627,0.982008769874585,1.4349243263588036,0.43923090352131805,-0.247833108138447,0.26236226700667636,0.6233482037110203,1.3148415989236222,1,1,1,1,1,1,1,1
-0.1592922859855359,0.8499861323981172,0.4819329414965501,0.2751230426990458,-0.08818203693722393,0.4957965513802813,0.5474191708002725,0.007874716734155542,1,1,1,1,1,1,1,1
0.1605230250579387,1.2261210023333122,1.523234073875138,1.071846569571822,-0.16406727319737796,0.33668640956433205,0.9688813627003035,0.41109588823688537,1,1,1,1,1,1,1,1
0.0951343033274728,1.449927818706055,0.3339919222812599,0.905403988560609,-0.2797352723977582,0.7922257084760743,1.109762966732232,0.46403986804812686,1,1,1,1,1,1,1,1
0.20245034177345667,0.7875545173235712,0.01044561733159778,0.35047884002348356,0.2957456298090779,0.6121063929605942,1.3710023403341267,0.5460872980576955,1,1,1,1,1,1,1,1
0.2776283468755715,0.4643784089027875,0.7125671004810863,0.11017754226753591,0.22332032112535316,1.2452666158722225,1.2084624879836734,0.5904245987821134,1,1,1,1,1,1,1,1
-0.07547706387605568,0.9610952169646259,0.5776250666340127,0.2876274543661233,-0.10775995460740934,1.2183409479023282,0.8786989277354244,0.21992955234690004,1,1,1,1,1,1,1,1
0.21542268818704036,0.9307788566963449,1.382502714157917,0.6405963500627024,-0.3427000821594253,1.0526072467207876,1.029420139195267,1.1267236523228579,1,1,1,1,1,1,1,1
0.23710372248292266,1.1677277540381357,0.5121596902675728,0.9666106797227858,0.06032464830139783,1.4860829288239645,0.2528265820119377,0.021770318078014946,1,1,1,1,1,1,1,1
-0.0844822834382955,0.9464563020142512,1.042590985256159,1.3535223553843168,0.10558425483374445,1.5584960905425373,0.6950855321914,0.9065228197226671,1,1,1,1,1,1,1,1
-0.07961474356139087,0.1743769046241206,0.24368339479585022,0.8997381263293701,-0.24134811011867824,0.7961921525020464,0.1091579759954944,0.863395989695728,1,1,1,1,1,1,1,1
-0.3349867333848393,0.38632232728835825,0.16562133873448634,0.8376877896302443,0.3053762441799188,1.2987084753427667,0.49504729197707803,0.038653969051027644,1,1,1,1,1,1,1,1
-0.1554367608839683,0.7281379699229771,0.9469921736122524,1.3555505080449872,-0.20940710746108443,0.2870748538038451,0.6343892231159863,1.4705098652307318,1,1,1,1,1,1,1,1
-0.3007214718311833,1.1562399154895449,0.647385807909169,0.926282544168944,-0.305489601649309,1.0538059169823766,0.3833780311412265,1.4221857948395187,1,1,1,1,1,1,1,1
-0.1922899114577983,1.5546736168472606,0.4730010540598517,0.49293793354076904,0.20477309430703095,1.1946707248165591,0.03136760876341971,0.8900931559969805,1,1,1,1,1,1,1,1
-0.10203307529264863,0.8966847779315698,0.6719576256675992,1.5395485176761292,-0.16564847799700957,0.5418509546365508,0.5907330324372767,0.938922510340694,1,1,1,1,1,1,1,1
-0.13708173985474326,0.29522133702117076,0.298787389568185,0.0877820390524399,-0.015982362449070642,1.5079810548953754,1.352941164912624,0.7113676023444067,1,1,1,1,1,1,1,1
-0.20524208832162086,0.865423792213341,0.9691656114370392,1.1819192032764392,0.3352104544723805,1.043936677179777,1.4416416345287688,0.5053319079617328,1,1,1,1,1,1,1,1
-0.12009973759166209,1.2251313177345482,1.42307525151978,0.17124548648915427,-0.20521201301645442,1.003048754288472,0.7014596165532796,0.48882585122520555,1,1,1,1,1,1,1,1
0.09616748198300457,0.33611804069513695,0.948964184872251,1.5353152846329328,-0.23736102257024488,0.8523759638117981,1.5553913664196288,0.028774433716751428,1,1,1,1,1,1,1,1
0.22509812484506742,0.8351742309970683,1.1216081132183784,1.1469265240831183,0.15975257396532638,0.01364402524369346,1.3219107162024637,1.5250031914205833,1,1,1,1,1,1,1,1
-0.24423151946753419,0.4159326035165032,0.7421998653025728,0.5057772994149103,0.10006897079999555,0.082778014945468,1.2341731967608118,0.8279888456145309,1,1,1,1,1,1,1,1
-0.16704450582338898,0.05201142023562189,0.21784532379193802,1.271438303963269,-0.12134448419057633,1.1540115856847089,0.5132458762935362,0.8134770862838536,1,1,1,1,1,1,1,1
0.19729929950096026,1.2307103002201083,0.11053831295372524,0.32532995040743096,0.18082569222114808,1.3553682244014407,0.2961798528370926,1.2690027148805467,1,1,1,1,1,1,1,1
0.10700014232532767,0.17947337971833277,0.17125062461912385,0.3745233509582621,0.15624435752050736,1.1626480052159964,1.4442261278148787,0.6785500989048161,1,1,1,1,1,1,1,1
-0.20517158752934817,0.9022028749169612,1.155234142136691,0.6424701595410034,-0.15530824127522286,0.5505983600155093,0.4912091486179528,1.2388410224422113,1,1,1,1,1,1,1,1
0.12060223452241953,0.7922685052532508,1.449267267794059,1.2815221413122837,0.2850233967925837,0.4168823108905627,0.39657088039168864,0.002925367459267905,1,1,1,1,1,1,1,1
0.2131023595583441,0.015894516220005518,1.3089274776845532,0.7975365017776176,0.002320050691067277,1.1564533894198192,1.3135161786346345,0.8438600964476219,1,1,1,1,1,1,1,1
-0.09176116743400375,1.146053126425326,1.380105032213753,1.4405239748021825,0.22784886236472013,1.0954007535093333,0.9641258633326983,0.7744578442889125,1,1,1,1,1,1,1,1
0.2657694369089574,1.4502747908633533,1.3965039313333536,1.3410463635872976,-0.1892667028377821,1.5616984494438604,1.0831904175080476,0.19486409895038076,1,1,1,1,1,1,1,1
0.3070829474821155,0.7496333392132379,1.0097337997376568,0.2888143420695897,-0.10408392296974847,0.8006497558130516,0.46360073582997413,0.8697550828201173,1,1,1,1,1,1,1,1
0.2410972740350621,0.626942122354394,1.2126391564613546,0.9795320289431454,-0.11116193511306768,0.9248958241778974,0.1141897121648055,0.8101200622242666,1,1,1,1,1,1,1,1
-0.07896632833041167,0.8137955939318883,0.23904595722940652,0.6431546484063109,0.17563309535916105,0.1476180769223287,1.4922522843674804,0.3185170828386362,1,1,1,1,1,1,1,1
-0.22313424971890924,0.5717320058638117,0.013841636223307602,0.883109769708175,0.1505177615560917,1.3865121777236327,1.2521144015384604,0.7593273661752581,1,1,1,1,1,1,1,1
-0.18381529094840052,1.1781799130218402,1.0286315656800742,0.7233644153332873,-0.1450858458030591,0.8235159190384179,0.6315256406279293,0.1874500451401168,1,1,1,1,1,1,1,1
-0.30966991586814385,1.4143300052421552,0.1946009487231988,0.30365591869476677,-0.04071758048897817,1.5555318865404457,1.3677306830375002,0.9931922273715351,1,1,1,1,1,1,1,1
0.2591688173454427,0.16023006918381424,0.147548001276717,0.6379002611590322,-0.21453194516828694,1.511222871982506,0.5777846946601436,0.05197960346076078,1,1,1,1,1,1,1,1
-0.1927472192077714,0.4092494160418361,0.966627397468477,0.25134066672493677,-0.34190804861691126,0.11793930856182179,1.109923288777324,0.05663548723633914,1,1,1,1,1,1,1,1
-0.127766200972517,0.35105003473871227,1.18876361355808,0.3063673466665151,0.2606236933396159,0.7364784907908946,0.1977540545382931,0.34272594783645083,1,1,1,1,1,1,1,1
0.2548462048709921,0.021110968732803506,0.7269948086206571,1.40812592107604,-0.047127549761903476,0.0571846991246541,0.8348238177374272,1.0262982504901466,1,1,1,1,1,1,1,1
0.015861033509858347,0.9510220693663848,0.48464485828595394,0.36722709108709145,0.19975710426201465,0.9648047838573393,0.8309156148259648,0.38253883629906255,1,1,1,1,1,1,1,1
-0.12856958387743833,0.1706924543446605,0.8764887149082977,0.7217345400095185,-0.0080960260508246,1.0659811664022214,1.523990654494459,0.1871928253533681,1,1,1,1,1,1,1,1
0.15386481471240143,0.2970207335930562,1.4328336840665432,1.3464088969009231,-0.12164103935935117,1.4399641384295707,1.4862444158670638,0.6754426927938304,1,1,1,1,1,1,1,1
0.1521328278711439,1.187798045027084,1.2636561349845068,0.11903049942359516,0.06385142212005962,0.3379923458385161,1.1105251525266917,1.3977112715376128,1,1,1,1,1,1,1,1
-0.08685425586535928,1.0273076911995778,1.5149426410317453,0.2374152557338246,-0.3101945170743545,0.5482138760102465,0.4262085833912607,0.8714947543346121,1,1,1,1,1,1,1,1
-0.28420661100554584,0.9143242152635895,1.4284490814608772,0.3228570836343966,-0.2010891329729539,0.23189514776766815,0.9620080504788352,0.9000454898244805,1,1,1,1,1,1,1,1
0.1570099780179971,1.1520288507996013,0.9126295184605437,0.3730047815170065,-0.011737851465626448,0.11010007735195874,0.8985499094359128,1.3948028669115298,1,1,1,1,1,1,1,1
-0.2941173364230991,1.0217065324019503,0.18803350256122447,0.3891627011176522,0.23133001619347504,0.6385938781144582,1.2470679683147634,0.44208544602057687,1,1,1,1,1,1,1,1
0.2728482881871569,0.5313358891162074,0.21295956909373395,1.2308456599303783,0.049264948374769024,1.1518487570547966,1.2035722462959397,0.41579842791312355,1,1,1,1,1,1,1,1
-0.18610398509730838,0.6065070428493667,0.4309324866863116,1.1522223162306209,0.2739127627770217,0.2144047646847805,1.2206852442380318,0.02797911841408541,1,1,1,1,1,1,1,1
-0.31078806150186733,0.9491716916496079,1.4717745414591803,0.1277871971323311,-0.1584389560955624,1.394478598067749,0.2756205047647785,0.5315092118069787,1,1,1,1,1,1,1,1
-0.19300999509389344,0.9825426121828889,0.11222586353343693,1.0728436397453323,0.31626396463017503,1.2117981155632251,0.4451151937399544,0.9008051804182867,1,1,1,1,1,1,1,1
0.16077252452320834,0.0740051558032907,0.8924025901769534,1.3666981108379659,-0.14581573716813442,0.8377673502935331,1.4525898382205424,0.9948020779003631,1,1,1,1,1,1,1,1
-0.17118707026297175,0.4083041313471743,1.1207818144251254,0.7754378985851019,-0.23576826949166504,0.6230616612390011,0.03410528694635528,0.017175614277316346,1,1,1,1,1,1,1,1
-0.005207471088951698,1.3728717668018455,0.5371756103334231,0.3999437567649237,0.24532876115789415,1.1169632275433996,1.0207329345983336,1.5304419612193692,1,1,1,1,1,1,1,1
0.09611700854801253,1.2287423806298594,0.9797494207468247,0.978515250985022,-0.11903419062429285,1.4390284605162547,1.2221299954526512,0.784211128309276,1,1,1,1,1,1,1,1
0.21154497642347525,0.9796222087260762,1.005544223951962,0.3228829516430559,-0.017000055244937695,0.33096913461711985,1.5031468220010276,1.4658337619356567,1,1,1,1,1,1,1,1
-0.2242953019725215,0.5970076947534072,0.41378658273206176,0.9731796400807702,0.06822299218695149,0.49838716598785054,1.5673096899198775,1.037873695183527,1,1,1,1,1,1,1,1
-0.1640789556227109,1.3628789282716463,1.102309156481386,1.406169174545265,0.30239374956004494,0.4153598602264554,0.8708040821409727,1.0112046548327875,1,1,1,1,1,1,1,1
0.20614171474041343,1.242232060393721,0.3710744337016799,0.4261075680117055,0.2789428817559907,0.2898723874569323,0.43886421230683387,0.5762029365230671,1,1,1,1,1,1,1,1
0.2936621644121066,0.7813990255404536,1.5267503877139637,0.4800220779391138,-0.31408921931162126,1.4239633933182803,0.4557159464478057,0.6831700345287518,1,1,1,1,1,1,1,1
0.01875956093236275,1.3259409842331793,0.6313128408608137,0.631134678387838,0.2950824717769742,1.0957844133641188,1.428011840423258,0.45100056073893086,1,1,1,1,1,1,1,1
0.13358359818113608,0.7120750278059652,1.2862618870424938,1.5321790082030464,0.23084402001374293,0.1564962912071731,0.889034980142511,0.5899691833645607,1,1,1,1,1,1,1,1
0.3106837810209594,1.5494111026824982,0.8864191681722887,1.411105254192126,-0.0686165024942837,0.28498333207428,0.9442868917890734,0.5799952262718067,1,1,1,1,1,1,1,1
0.088135216239564,0.905361488335035,0.2696048210550637,0.3811663811172388,0.23214820651699852,0.6631879497149242,0.9652309512902639,0.8162998047769388,1,1,1,1,1,1,1,1
