<?xml version="1.0" encoding="UTF-8" standalone="no" ?>
<multimarker markers="2">
    <marker index="0" status="1">
        <corner x="-7.5" y="-7.5" z="0" />
        <corner x="7.5" y="-7.5" z="0" />
        <corner x="7.5" y="7.5" z="0" />
        <corner x="-7.5" y="7.5" z="0" />
    </marker>
    <marker index="1" status="1">
        <corner x="12.75" y="12.75" z="0" />
        <corner x="27.75" y="12.75" z="0" />
        <corner x="27.75" y="27.75" z="0" />
        <corner x="12.75" y="27.75" z="0" />
    </marker>
</multimarker>
