<?xml version="1.0" encoding="UTF-8" standalone="no" ?>
<multimarker markers="4">
    <marker index="0" status="1">
        <corner x="-4.5" y="-4.5" z="0" />
        <corner x="4.5" y="-4.5" z="0" />
        <corner x="4.5" y="4.5" z="0" />
        <corner x="-4.5" y="4.5" z="0" />
    </marker>
    <marker index="1" status="1">
        <corner x="5.5" y="-4.5" z="0" />
        <corner x="14.5" y="-4.5" z="0" />
        <corner x="14.5" y="4.5" z="0" />
        <corner x="5.5" y="4.5" z="0" />
    </marker>
    <marker index="2" status="1">
        <corner x="5.5" y="5.5" z="0" />
        <corner x="14.5" y="5.5" z="0" />
        <corner x="14.5" y="14.5" z="0" />
        <corner x="5.5" y="14.5" z="0" />
    </marker>
    <marker index="3" status="1">
        <corner x="-4.5" y="5.5" z="0" />
        <corner x="4.5" y="5.5" z="0" />
        <corner x="4.5" y="14.5" z="0" />
        <corner x="-4.5" y="14.5" z="0" />
    </marker>
</multimarker>
