<?xml version="1.0" encoding="utf-8"?>
<!--
Automatically generated IO group description. Please do NOT modify!
-->
<SunriseIOGroupDescription xmlns:xsi="http://www.w3.org/2001/XMLSchema-instance" xmlns:xsd="http://www.w3.org/2001/XMLSchema" Version="1.0.0">
  <IOGroup DisplayName="MediaFlange" IconName="MediaFlange" SignalTypes="InOut" TemplateName="MediaFlange">
    <IOs>
      <DigitalIOItem Name="Input1" DataType="BOOL" IOType="Input" UsedBitWidth="1" IsConnected="true">
        <Description />
      </DigitalIOItem>
      <DigitalIOItem Name="Input2" DataType="BOOL" IOType="Input" UsedBitWidth="1" IsConnected="true">
        <Description />
      </DigitalIOItem>
      <DigitalIOItem Name="Input3" DataType="BOOL" IOType="Input" UsedBitWidth="1" IsConnected="true">
        <Description />
      </DigitalIOItem>
      <DigitalIOItem Name="Input4" DataType="BOOL" IOType="Input" UsedBitWidth="1" IsConnected="true">
        <Description />
      </DigitalIOItem>
      <DigitalIOItem Name="Input5" DataType="BOOL" IOType="Input" UsedBitWidth="1" IsConnected="true">
        <Description />
      </DigitalIOItem>
      <DigitalIOItem Name="Output1" DataType="BOOL" IOType="Output" UsedBitWidth="1" IsConnected="true">
        <Description />
      </DigitalIOItem>
      <DigitalIOItem Name="Output2" DataType="BOOL" IOType="Output" UsedBitWidth="1" IsConnected="true">
        <Description />
      </DigitalIOItem>
      <DigitalIOItem Name="Output3" DataType="BOOL" IOType="Output" UsedBitWidth="1" IsConnected="true">
        <Description />
      </DigitalIOItem>
      <DigitalIOItem Name="Output4" DataType="BOOL" IOType="Output" UsedBitWidth="1" IsConnected="true">
        <Description />
      </DigitalIOItem>
      <DigitalIOItem Name="Valve" DataType="BOOL" IOType="Output" UsedBitWidth="1" IsConnected="true">
        <Description />
      </DigitalIOItem>
    </IOs>
    <Description>This I/O Group contains the In-/Outputs for the Media-Flange Light Beta.</Description>
  </IOGroup>
</SunriseIOGroupDescription>